timestamp,position_x,position_y,position_z,orientation_x,orientation_y,orientation_z,orientation_w,linear_velocity_x,linear_velocity_y,linear_velocity_z,angular_velocity_x,angular_velocity_y,angular_velocity_z
1692790968.022179,-4.76333599300216e-13,8.75005970457643e-11,0.0,0.0,0.0,0.00010135769844055176,1.0,0.0,0.0,0.0,0.0,0.0,-0.0006014650571160018
1692790968.054416,-4.76333599300216e-13,8.75005970457643e-11,0.0,0.0,0.0,9.85860824584961e-05,1.0,0.0,0.0,0.0,0.0,0.0,-0.00016797673015389591
1692790968.0908346,-4.76333599300216e-13,8.75005970457643e-11,0.0,0.0,0.0,9.578466415405273e-05,1.0,0.0,0.0,0.0,0.0,0.0,-0.0001647893077461049
1692790968.1226997,-4.76333599300216e-13,8.75005970457643e-11,0.0,0.0,0.0,9.566545486450195e-05,1.0,0.0,0.0,0.0,0.0,0.0,-7.224805358418962e-06
1692790968.1532958,-4.76333599300216e-13,8.75005970457643e-11,0.0,0.0,0.0,8.732080459594727e-05,1.0,0.0,0.0,0.0,0.0,0.0,-0.0005057363887317479
1692790968.186629,-4.76333599300216e-13,8.75005970457643e-11,0.0,0.0,0.0,8.925795555114746e-05,1.0,0.0,0.0,0.0,0.0,0.0,0.00011740309128072113
1692790968.220317,-4.76333599300216e-13,8.75005970457643e-11,0.0,0.0,0.0,9.92119312286377e-05,1.0,0.0,0.0,0.0,0.0,0.0,0.0006032712408341467
1692790968.2529998,-4.76333599300216e-13,8.75005970457643e-11,0.0,0.0,0.0,9.751319885253906e-05,1.0,0.0,0.0,0.0,0.0,0.0,-0.0001029534760164097
1692790968.286587,-4.76333599300216e-13,8.75005970457643e-11,0.0,0.0,0.0,0.00010120868682861328,1.0,0.0,0.0,0.0,0.0,0.0,0.00022396896383725107
1692790968.3291323,-4.76333599300216e-13,8.75005970457643e-11,0.0,0.0,0.0,0.0001010894775390625,1.0,0.0,0.0,0.0,0.0,0.0,-7.224805358418962e-06
1692790968.3731294,-4.76333599300216e-13,8.75005970457643e-11,0.0,0.0,0.0,0.00010502338409423828,1.0,0.0,0.0,0.0,0.0,0.0,0.00023140627308748662
1692790968.4171877,-4.76333599300216e-13,8.75005970457643e-11,0.0,0.0,0.0,0.0001023411750793457,1.0,0.0,0.0,0.0,0.0,0.0,-0.00016255812079180032
1692790968.4611826,-4.76333599300216e-13,8.75005970457643e-11,0.0,0.0,0.0,9.813904762268066e-05,1.0,0.0,0.0,0.0,0.0,0.0,-0.0002546743780840188
1692790968.461233,-4.76333599300216e-13,8.75005970457643e-11,0.0,0.0,0.0,0.00010004639625549316,1.0,0.0,0.0,0.0,0.0,0.0,0.00011559688573470339
1692790968.505203,-4.76333599300216e-13,8.75005970457643e-11,0.0,0.0,0.0,0.00011205673217773438,1.0,0.0,0.0,0.0,0.0,0.0,0.0007278991397470236
1692790968.5184517,-4.76333599300216e-13,8.75005970457643e-11,0.0,0.0,0.0,9.909272193908691e-05,1.0,0.0,0.0,0.0,0.0,0.0,-0.0007856976008042693
1692790968.5611162,-4.76333599300216e-13,8.75005970457643e-11,0.0,0.0,0.0,9.632110595703125e-05,1.0,0.0,0.0,0.0,0.0,0.0,-0.00016797673015389591
1692790968.605167,-4.76333599300216e-13,8.75005970457643e-11,0.0,0.0,0.0,9.28044319152832e-05,1.0,0.0,0.0,0.0,0.0,0.0,-0.0002131317596649751
1692790968.6492183,-4.76333599300216e-13,8.75005970457643e-11,0.0,0.0,0.0,8.815526962280273e-05,1.0,0.0,0.0,0.0,0.0,0.0,-0.0002817674248944968
1692790968.6931458,-2.531068639655132e-05,-4.570408496107348e-09,0.0,0.0,0.0,9.587407112121582e-05,1.0,-0.0007669904734939337,0.0,0.0,0.0,0.0,0.00046780615230090916
1692790968.6931996,-3.595433954901861e-13,2.7079952169550836e-10,0.0,0.0,0.0,9.53972339630127e-05,1.0,0.0007444319780915976,0.0,0.0,0.0,0.0,-2.804924406518694e-05
1692790968.7372367,-3.595433954901861e-13,2.7079952169550836e-10,0.0,0.0,0.0,9.739398956298828e-05,1.0,0.0,0.0,0.0,0.0,0.0,0.00012101548782084137
1692790968.7507122,-3.595433954901861e-13,2.7079952169550836e-10,0.0,0.0,0.0,9.846687316894531e-05,1.0,0.0,0.0,0.0,0.0,0.0,6.50232468615286e-05
1692790968.7931516,-3.595433954901861e-13,2.7079952169550836e-10,0.0,0.0,0.0,9.557604789733887e-05,1.0,0.0,0.0,0.0,0.0,0.0,-0.00017520153778605163
1692790968.8371909,-3.595433954901861e-13,2.7079952169550836e-10,0.0,0.0,0.0,9.757280349731445e-05,1.0,0.0,0.0,0.0,0.0,0.0,0.00012101548782084137
1692790968.8813224,-3.595433954901861e-13,2.7079952169550836e-10,0.0,0.0,0.0,9.933114051818848e-05,1.0,0.0,0.0,0.0,0.0,0.0,0.00010656587983248755
1692790968.9251654,-3.595433954901861e-13,2.7079952169550836e-10,0.0,0.0,0.0,9.036064147949219e-05,1.0,0.0,0.0,0.0,0.0,0.0,-0.0005436665960587561
1692790968.9252,-3.595433954901861e-13,2.7079952169550836e-10,0.0,0.0,0.0,9.387731552124023e-05,1.0,0.0,0.0,0.0,0.0,0.0,0.0002068631729343906
1692790968.9691458,-3.595433954901861e-13,2.7079952169550836e-10,0.0,0.0,0.0,9.933114051818848e-05,1.0,0.0,0.0,0.0,0.0,0.0,0.00033053485094569623
1692790968.9839323,-3.595433954901861e-13,2.7079952169550836e-10,0.0,0.0,0.0,9.867548942565918e-05,1.0,0.0,0.0,0.0,0.0,0.0,-3.973643106292002e-05
1692790969.025125,-3.595433954901861e-13,2.7079952169550836e-10,0.0,0.0,0.0,0.00010377168655395508,1.0,0.0,0.0,0.0,0.0,0.0,0.0003088604426011443
1692790969.0693505,-3.595433954901861e-13,2.7079952169550836e-10,0.0,0.0,0.0,0.00010451674461364746,1.0,0.0,0.0,0.0,0.0,0.0,4.5155033149058e-05
1692790969.11397,-3.595433954901861e-13,2.7079952169550836e-10,0.0,0.0,0.0,0.00011056661605834961,1.0,0.0,0.0,0.0,0.0,0.0,0.0003666588745545596
1692790969.1571548,-3.595433954901861e-13,2.7079952169550836e-10,0.0,0.0,0.0,0.00010460615158081055,1.0,0.0,0.0,0.0,0.0,0.0,-0.000361240265192464
1692790969.1572363,-3.595433954901861e-13,2.7079952169550836e-10,0.0,0.0,0.0,0.00010910630226135254,1.0,0.0,0.0,0.0,0.0,0.0,0.00027273641899228096
1692790969.2011771,-3.595433954901861e-13,2.7079952169550836e-10,0.0,0.0,0.0,0.0001036524772644043,1.0,0.0,0.0,0.0,0.0,0.0,-0.00032081324025057256
1692790969.2156324,-3.595433954901861e-13,2.7079952169550836e-10,0.0,0.0,0.0,0.00010636448860168457,1.0,0.0,0.0,0.0,0.0,0.0,0.00016436431906186044
1692790969.2571313,-3.595433954901861e-13,2.7079952169550836e-10,0.0,0.0,0.0,0.00010335445404052734,1.0,0.0,0.0,0.0,0.0,0.0,-0.00018242633086629212
1692790969.3011642,-3.595433954901861e-13,2.7079952169550836e-10,0.0,0.0,0.0,0.00010210275650024414,1.0,0.0,0.0,0.0,0.0,0.0,-7.586045830976218e-05
1692790969.3451777,-3.595433954901861e-13,2.7079952169550836e-10,0.0,0.0,0.0,9.965896606445312e-05,1.0,0.0,0.0,0.0,0.0,0.0,-0.0001481085055274889
1692790969.3892682,-3.595433954901861e-13,2.7079952169550836e-10,0.0,0.0,0.0,0.00010257959365844727,1.0,0.0,0.0,0.0,0.0,0.0,0.00017700773605611175
1692790969.3893535,-3.595433954901861e-13,2.7079952169550836e-10,0.0,0.0,0.0,9.614229202270508e-05,1.0,0.0,0.0,0.0,0.0,0.0,-0.00039013949572108686
1692790969.4335809,-3.595433954901861e-13,2.7079952169550836e-10,0.0,0.0,0.0,0.00010198354721069336,1.0,0.0,0.0,0.0,0.0,0.0,0.0003540154721122235
1692790969.445564,-3.595433954901861e-13,2.7079952169550836e-10,0.0,0.0,0.0,9.799003601074219e-05,1.0,0.0,0.0,0.0,0.0,0.0,-0.00024203097564168274
1692790969.4940102,-3.595433954901861e-13,2.7079952169550836e-10,0.0,0.0,0.0,0.0001049041748046875,1.0,0.0,0.0,0.0,0.0,0.0,0.00040671403985470533
1692790969.5376768,-3.595433954901861e-13,2.7079952169550836e-10,0.0,0.0,0.0,0.00010800361633300781,1.0,0.0,0.0,0.0,0.0,0.0,0.0001878449402283877
1692790969.5813963,-3.595433954901861e-13,2.7079952169550836e-10,0.0,0.0,0.0,0.0001004338264465332,1.0,0.0,0.0,0.0,0.0,0.0,-0.0004587751463986933
1692790969.6252253,-3.595433954901861e-13,2.7079952169550836e-10,0.0,0.0,0.0,0.00010374188423156738,1.0,0.0,0.0,0.0,0.0,0.0,0.00020048835722263902
1692790969.6692324,-3.595433954901861e-13,2.7079952169550836e-10,0.0,0.0,0.0,0.00010570883750915527,1.0,0.0,0.0,0.0,0.0,0.0,0.00011920928955078125
1692790969.7136757,2.531068639655132e-05,5.6656763725015935e-09,0.0,0.0,0.0,0.0001074373722076416,1.0,0.0007669904734939337,0.0,0.0,0.0,0.0,0.00010475968156242743
1692790969.713714,4.957058526676439e-13,1.5840626033103433e-10,0.0,0.0,0.0,0.00011014938354492188,1.0,-0.0007231624913401902,0.0,0.0,0.0,0.0,0.00015497207641601562
1692790969.7572427,4.957058526676439e-13,1.5840626033103433e-10,0.0,0.0,0.0,0.00010526180267333984,1.0,0.0,0.0,0.0,0.0,0.0,-0.0002875047503039241
1692790969.7786381,4.957058526676439e-13,1.5840626033103433e-10,0.0,0.0,0.0,0.0001016855239868164,1.0,0.0,0.0,0.0,0.0,0.0,-0.00016255812079180032
1692790969.8259594,4.957058526676439e-13,1.5840626033103433e-10,0.0,0.0,0.0,9.495019912719727e-05,1.0,0.0,0.0,0.0,0.0,0.0,-0.0003961955662816763
1692790969.8696263,4.957058526676439e-13,1.5840626033103433e-10,0.0,0.0,0.0,9.712576866149902e-05,1.0,0.0,0.0,0.0,0.0,0.0,0.00013185269199311733
1692790969.914238,4.957058526676439e-13,1.5840626033103433e-10,0.0,0.0,0.0,0.00010842084884643555,1.0,0.0,0.0,0.0,0.0,0.0,0.0006845503230579197
1692790969.9575229,4.957058526676439e-13,1.5840626033103433e-10,0.0,0.0,0.0,0.00010979175567626953,1.0,0.0,0.0,0.0,0.0,0.0,7.61614937800914e-05
1692790970.0013816,4.957058526676439e-13,1.5840626033103433e-10,0.0,0.0,0.0,0.00011026859283447266,1.0,0.0,0.0,0.0,0.0,0.0,2.804924406518694e-05
1692790970.00143,4.957058526676439e-13,1.5840626033103433e-10,0.0,0.0,0.0,0.0001010894775390625,1.0,0.0,0.0,0.0,0.0,0.0,-0.0005563099985010922
1692790970.045178,4.957058526676439e-13,1.5840626033103433e-10,0.0,0.0,0.0,0.00011688470840454102,1.0,0.0,0.0,0.0,0.0,0.0,0.0009291312308050692
1692790970.0656462,4.957058526676439e-13,1.5840626033103433e-10,0.0,0.0,0.0,0.00011470913887023926,1.0,0.0,0.0,0.0,0.0,0.0,-0.0001279746793443337
1692790970.1092033,4.957058526676439e-13,1.5840626033103433e-10,0.0,0.0,0.0,7.203221321105957e-05,1.0,0.0,0.0,0.0,0.0,0.0,-0.0023068608716130257
1692790970.153186,4.957058526676439e-13,1.5840626033103433e-10,0.0,0.0,0.0,8.928775787353516e-05,1.0,0.0,0.0,0.0,0.0,0.0,0.0010150320595130324
1692790970.1975513,4.957058526676439e-13,1.5840626033103433e-10,0.0,0.0,0.0,9.247660636901855e-05,1.0,0.0,0.0,0.0,0.0,0.0,0.0001932635495904833
1692790970.2412302,4.957058526676439e-13,1.5840626033103433e-10,0.0,0.0,0.0,0.00011116266250610352,1.0,0.0,0.0,0.0,0.0,0.0,0.001099179731681943
1692790970.2852614,4.957058526676439e-13,1.5840626033103433e-10,0.0,0.0,0.0,0.00011146068572998047,1.0,0.0,0.0,0.0,0.0,0.0,1.806201362342108e-05
1692790970.3291843,4.957058526676439e-13,1.5840626033103433e-10,0.0,0.0,0.0,0.00010925531387329102,1.0,0.0,0.0,0.0,0.0,0.0,-0.00013365890481509268
1692790970.3292367,4.957058526676439e-13,1.5840626033103433e-10,0.0,0.0,0.0,9.697675704956055e-05,1.0,0.0,0.0,0.0,0.0,0.0,-0.000558116240426898
1692790970.3732276,4.957058526676439e-13,1.5840626033103433e-10,0.0,0.0,0.0,9.620189666748047e-05,1.0,0.0,0.0,0.0,0.0,0.0,-4.558002183330245e-05
1692790970.3877566,4.957058526676439e-13,1.5840626033103433e-10,0.0,0.0,0.0,9.679794311523438e-05,1.0,0.0,0.0,0.0,0.0,0.0,3.612402724684216e-05
1692790970.4293535,4.957058526676439e-13,1.5840626033103433e-10,0.0,0.0,0.0,0.00010144710540771484,1.0,0.0,0.0,0.0,0.0,0.0,0.0002446927537675947
1692790970.4732447,4.957058526676439e-13,1.5840626033103433e-10,0.0,0.0,0.0,0.00010412931442260742,1.0,0.0,0.0,0.0,0.0,0.0,0.00015777700173202902
1692790970.5204604,4.957058526676439e-13,1.5840626033103433e-10,0.0,0.0,0.0,0.00010731816291809082,1.0,0.0,0.0,0.0,0.0,0.0,0.00013286869216244668
1692790970.5708864,4.957058526676439e-13,1.5840626033103433e-10,0.0,0.0,0.0,0.00010466575622558594,1.0,0.0,0.0,0.0,0.0,0.0,-0.00015602391795255244
1692790970.613334,4.957058526676439e-13,1.5840626033103433e-10,0.0,0.0,0.0,1.9252300262451172e-05,1.0,0.0,0.0,0.0,0.0,0.0,-0.002628106391057372
1692790970.6780972,4.957058526676439e-13,1.5840626033103433e-10,0.0,0.0,0.0,4.7147274017333984e-05,1.0,0.0,0.0,0.0,0.0,0.0,0.001640880829654634
1692790970.7212262,4.957058526676439e-13,1.5840626033103433e-10,0.0,0.0,0.0,0.00011467933654785156,1.0,0.0,0.0,0.0,0.0,0.0,0.00185019348282367
1692790970.765308,4.957058526676439e-13,1.5840626033103433e-10,0.0,0.0,0.0,0.00011116266250610352,1.0,0.0,0.0,0.0,0.0,0.0,-0.0002131317596649751
1692790970.8097286,4.957058526676439e-13,1.5840626033103433e-10,0.0,0.0,0.0,9.658932685852051e-05,1.0,0.0,0.0,0.0,0.0,0.0,-0.000677829550113529
1692790970.8600485,4.957058526676439e-13,1.5840626033103433e-10,0.0,0.0,0.0,0.00010070204734802246,1.0,0.0,0.0,0.0,0.0,0.0,0.00024192473210860044
1692790970.9011662,4.957058526676439e-13,1.5840626033103433e-10,0.0,0.0,0.0,9.223818778991699e-05,1.0,0.0,0.0,0.0,0.0,0.0,-0.00021427492902148515
1692790970.945195,4.957058526676439e-13,1.5840626033103433e-10,0.0,0.0,0.0,8.830428123474121e-05,1.0,0.0,0.0,0.0,0.0,0.0,-0.0002384185791015625
1692790970.9893956,4.957058526676439e-13,1.5840626033103433e-10,0.0,0.0,0.0,3.319978713989258e-05,1.0,0.0,0.0,0.0,0.0,0.0,-0.003241440746933222
1692790971.0332246,4.957058526676439e-13,1.5840626033103433e-10,0.0,0.0,0.0,5.2869319915771484e-05,1.0,0.0,0.0,0.0,0.0,0.0,0.0011920928955078125
1692790971.0771089,4.957058526676439e-13,1.5840626033103433e-10,0.0,0.0,0.0,6.937980651855469e-05,1.0,0.0,0.0,0.0,0.0,0.0,0.0010006355587393045
1692790971.0771449,4.957058526676439e-13,1.5840626033103433e-10,0.0,0.0,0.0,0.00012499094009399414,1.0,0.0,0.0,0.0,0.0,0.0,0.0024716060142964125
1692790971.121192,4.957058526676439e-13,1.5840626033103433e-10,0.0,0.0,0.0,0.00010794401168823242,1.0,0.0,0.0,0.0,0.0,0.0,-0.0010331472149118781
1692790971.1263003,4.957058526676439e-13,1.5840626033103433e-10,0.0,0.0,0.0,0.00012788176536560059,1.0,0.0,0.0,0.0,0.0,0.0,0.0011728090466931462
1692790971.1691287,4.957058526676439e-13,1.5840626033103433e-10,0.0,0.0,0.0,0.00011882185935974121,1.0,0.0,0.0,0.0,0.0,0.0,-0.0005490852054208517
1692790971.2154808,4.957058526676439e-13,1.5840626033103433e-10,0.0,0.0,0.0,0.00011146068572998047,1.0,0.0,0.0,0.0,0.0,0.0,-0.00043301022378727794
1692790971.2611558,4.957058526676439e-13,1.5840626033103433e-10,0.0,0.0,0.0,0.00011903047561645508,1.0,0.0,0.0,0.0,0.0,0.0,0.0004587751463986933
1692790971.2612085,2.531068639655132e-05,5.9832441223761634e-09,0.0,0.0,0.0,0.00011110305786132812,1.0,0.0007669904734939337,0.0,0.0,0.0,0.0,-0.00048044955474324524
1692790971.3051572,4.731090194089183e-13,5.808241110294432e-10,0.0,0.0,0.0,0.0001023411750793457,1.0,-0.0007669904734939337,0.0,0.0,0.0,0.0,-0.00053102319361642
1692790971.326867,4.731090194089183e-13,5.808241110294432e-10,0.0,0.0,0.0,0.00011497735977172852,1.0,0.0,0.0,0.0,0.0,0.0,0.0007658293470740318
1692790971.3692648,4.731090194089183e-13,5.808241110294432e-10,0.0,0.0,0.0,0.00011020898818969727,1.0,0.0,0.0,0.0,0.0,0.0,-0.0002889922179747373
1692790971.415598,4.731090194089183e-13,5.808241110294432e-10,0.0,0.0,0.0,0.00011670589447021484,1.0,0.0,0.0,0.0,0.0,0.0,0.00038217095425352454
1692790971.4572067,4.731090194089183e-13,5.808241110294432e-10,0.0,0.0,0.0,0.00012186169624328613,1.0,0.0,0.0,0.0,0.0,0.0,0.00031247283914126456
1692790971.5012088,4.731090194089183e-13,5.808241110294432e-10,0.0,0.0,0.0,0.0001176297664642334,1.0,0.0,0.0,0.0,0.0,0.0,-0.0002564805909059942
1692790971.5012605,4.731090194089183e-13,5.808241110294432e-10,0.0,0.0,0.0,0.00012174248695373535,1.0,0.0,0.0,0.0,0.0,0.0,0.0002492557978257537
1692790971.5451944,4.731090194089183e-13,5.808241110294432e-10,0.0,0.0,0.0,0.00011724233627319336,1.0,0.0,0.0,0.0,0.0,0.0,-0.00027273641899228096
1692790971.5554132,4.731090194089183e-13,5.808241110294432e-10,0.0,0.0,0.0,0.00011658668518066406,1.0,0.0,0.0,0.0,0.0,0.0,-3.7465775676537305e-05
1692790971.5972943,4.731090194089183e-13,5.808241110294432e-10,0.0,0.0,0.0,0.0001169443130493164,1.0,0.0,0.0,0.0,0.0,0.0,2.1674415620509535e-05
1692790971.6411653,4.731090194089183e-13,5.808241110294432e-10,0.0,0.0,0.0,0.00011593103408813477,1.0,0.0,0.0,0.0,0.0,0.0,-6.141084304545075e-05
1692790971.6852677,4.731090194089183e-13,5.808241110294432e-10,0.0,0.0,0.0,0.0001157224178314209,1.0,0.0,0.0,0.0,0.0,0.0,-1.2643409718293697e-05
1692790971.6852965,-2.5310684577561915e-05,-5.277957626503849e-09,0.0,0.0,0.0,0.0001157522201538086,1.0,-0.0007669904734939337,0.0,0.0,0.0,0.0,1.8062013396047405e-06
1692790971.7292259,1.249064545370826e-12,5.604577357765095e-10,0.0,0.0,0.0,0.00011491775512695312,1.0,0.0007669904734939337,0.0,0.0,0.0,0.0,-5.0573638873174787e-05
1692790971.7522876,1.249064545370826e-12,5.604577357765095e-10,0.0,0.0,0.0,0.00010958313941955566,1.0,0.0,0.0,0.0,0.0,0.0,-0.0003233100287616253
1692790971.793178,1.249064545370826e-12,5.604577357765095e-10,0.0,0.0,0.0,0.0001119375228881836,1.0,0.0,0.0,0.0,0.0,0.0,0.00014268991071730852
1692790971.8373346,1.249064545370826e-12,5.604577357765095e-10,0.0,0.0,0.0,0.00011336803436279297,1.0,0.0,0.0,0.0,0.0,0.0,8.669766248203814e-05
1692790971.8824263,1.249064545370826e-12,5.604577357765095e-10,0.0,0.0,0.0,0.0001125037670135498,1.0,0.0,0.0,0.0,0.0,0.0,-5.2379840781213716e-05
1692790971.9252512,1.249064545370826e-12,5.604577357765095e-10,0.0,0.0,0.0,0.00011247396469116211,1.0,0.0,0.0,0.0,0.0,0.0,-1.7530777540741838e-06
1692790971.9252815,1.249064545370826e-12,5.604577357765095e-10,0.0,0.0,0.0,0.00011101365089416504,1.0,0.0,0.0,0.0,0.0,0.0,-8.850386802805588e-05
1692790971.9692817,1.249064545370826e-12,5.604577357765095e-10,0.0,0.0,0.0,0.00010964274406433105,1.0,0.0,0.0,0.0,0.0,0.0,-8.30852659419179e-05
1692790971.9925675,1.249064545370826e-12,5.604577357765095e-10,0.0,0.0,0.0,0.00011301040649414062,1.0,0.0,0.0,0.0,0.0,0.0,0.00020410075376275927
1692790972.033226,1.249064545370826e-12,5.604577357765095e-10,0.0,0.0,0.0,0.00011375546455383301,1.0,0.0,0.0,0.0,0.0,0.0,4.5155033149058e-05
1692790972.077153,1.249064545370826e-12,5.604577357765095e-10,0.0,0.0,0.0,0.0001093745231628418,1.0,0.0,0.0,0.0,0.0,0.0,-0.00026551159680821
1692790972.121207,1.249064545370826e-12,5.604577357765095e-10,0.0,0.0,0.0,0.00011408329010009766,1.0,0.0,0.0,0.0,0.0,0.0,0.00028537982143461704
1692790972.165319,1.249064545370826e-12,5.604577357765095e-10,0.0,0.0,0.0,0.0001055300235748291,1.0,0.0,0.0,0.0,0.0,0.0,-0.0004623387358151376
1692790972.1653912,1.249064545370826e-12,5.604577357765095e-10,0.0,0.0,0.0,9.784102439880371e-05,1.0,0.0,0.0,0.0,0.0,0.0,-0.0004659999394789338
1692790972.2091753,1.249064545370826e-12,5.604577357765095e-10,0.0,0.0,0.0,9.998679161071777e-05,1.0,0.0,0.0,0.0,0.0,0.0,0.0001300464937230572
1692790972.2177677,1.249064545370826e-12,5.604577357765095e-10,0.0,0.0,0.0,0.0001043081283569336,1.0,0.0,0.0,0.0,0.0,0.0,0.00026189920026808977
1692790972.2611547,1.249064545370826e-12,5.604577357765095e-10,0.0,0.0,0.0,0.00010758638381958008,1.0,0.0,0.0,0.0,0.0,0.0,0.00019868214440066367
1692790972.305184,1.249064545370826e-12,5.604577357765095e-10,0.0,0.0,0.0,0.00010010600090026855,1.0,0.0,0.0,0.0,0.0,0.0,-0.00045335653703659773
1692790972.3492408,1.249064545370826e-12,5.604577357765095e-10,0.0,0.0,0.0,9.554624557495117e-05,1.0,0.0,0.0,0.0,0.0,0.0,-0.0002763488155324012
1692790972.3931954,1.249064545370826e-12,5.604577357765095e-10,0.0,0.0,0.0,9.956955909729004e-05,1.0,0.0,0.0,0.0,0.0,0.0,0.00023666549532208592
1692790972.3932483,1.249064545370826e-12,5.604577357765095e-10,0.0,0.0,0.0,0.00010183453559875488,1.0,0.0,0.0,0.0,0.0,0.0,0.00013727130135521293
1692790972.4373581,1.249064545370826e-12,5.604577357765095e-10,0.0,0.0,0.0,0.00010436773300170898,1.0,0.0,0.0,0.0,0.0,0.0,0.00015352711488958448
1692790972.478378,1.249064545370826e-12,5.604577357765095e-10,0.0,0.0,0.0,0.00010973215103149414,1.0,0.0,0.0,0.0,0.0,0.0,0.00032511624158360064
1692790972.5359683,1.249064545370826e-12,5.604577357765095e-10,0.0,0.0,0.0,0.00010862946510314941,1.0,0.0,0.0,0.0,0.0,0.0,-6.682945240754634e-05
1692790972.5775125,1.249064545370826e-12,5.604577357765095e-10,0.0,0.0,0.0,0.0001119077205657959,1.0,0.0,0.0,0.0,0.0,0.0,0.00019868214440066367
1692790972.623414,1.249064545370826e-12,5.604577357765095e-10,0.0,0.0,0.0,0.00011184811592102051,1.0,0.0,0.0,0.0,0.0,0.0,-2.536367901484482e-06
1692790972.6656997,-2.5310684577561915e-05,-5.0991846300973975e-09,0.0,0.0,0.0,0.00011175870895385742,1.0,-0.0007669904734939337,0.0,0.0,0.0,0.0,-5.418603905127384e-06
1692790972.7092576,1.2801899297587571e-12,6.026993348839937e-10,0.0,0.0,0.0,0.00011351704597473145,1.0,0.0005624596960842609,0.0,0.0,0.0,0.0,7.814831042196602e-05
1692790972.7550068,1.2801899297587571e-12,6.026993348839937e-10,0.0,0.0,0.0,0.00011777877807617188,1.0,0.0,0.0,0.0,0.0,0.0,0.00025828680372796953
1692790972.797344,1.2801899297587571e-12,6.026993348839937e-10,0.0,0.0,0.0,0.0001533031463623047,1.0,0.0,0.0,0.0,0.0,0.0,0.0011647334322333336
1692790972.8412955,1.2801899297587571e-12,6.026993348839937e-10,0.0,0.0,0.0,0.0001386702060699463,1.0,0.0,0.0,0.0,0.0,0.0,-0.0008868448785506189
1692790972.8413253,1.2801899297587571e-12,6.026993348839937e-10,0.0,0.0,0.0,9.936094284057617e-05,1.0,0.0,0.0,0.0,0.0,0.0,-0.0016044597141444683
1692790972.8944223,1.2801899297587571e-12,6.026993348839937e-10,0.0,0.0,0.0,0.00010055303573608398,1.0,0.0,0.0,0.0,0.0,0.0,7.224805449368432e-05
1692790972.9271765,7.593206100864336e-05,1.9339939427709396e-08,0.0,0.0,0.0,0.0001462101936340332,1.0,0.0014061492402106524,0.0,0.0,0.0,0.0,0.0016910058911889791
1692790972.9740021,0.00022779617574997246,7.52982103335853e-08,0.0,0.0,0.0,0.00022226572036743164,1.0,0.004601942840963602,0.0,0.0,0.0,0.0,0.0046094260178506374
1692790973.0231745,0.0004809030215255916,1.9229281633670325e-07,0.0,0.0,0.0,0.00023996829986572266,1.0,0.00477560143917799,0.0,0.0,0.0,0.0,0.0006680218502879143
1692790973.077784,0.0007593205664306879,3.233516565614991e-07,0.0,0.0,0.0,0.0002307593822479248,1.0,0.008436895906925201,0.0,0.0,0.0,0.0,-0.000558116240426898
1692790973.1229687,0.0013161556562408805,5.75512331124628e-07,0.0,0.0,0.0,0.00022208690643310547,1.0,0.009600604884326458,0.0,0.0,0.0,0.0,-0.0002990508801303804
1692790973.1667852,0.0016198838129639626,7.142312483665592e-07,0.0,0.0,0.0,0.0002346336841583252,1.0,0.009203885681927204,0.0,0.0,0.0,0.0,0.0007604107959195971
1692790973.209213,0.0023792043793946505,1.0830018482010928e-06,0.0,0.0,0.0,0.0002510249614715576,0.9999999403953552,0.009611653164029121,0.0,0.0,0.0,0.0,0.0004149690503254533
1692790973.267308,0.002657621866092086,1.2224494412294007e-06,0.0,0.0,0.0,0.0002498328685760498,0.9999999403953552,0.008436895906925201,0.0,0.0,0.0,0.0,-7.224805449368432e-05
1692790973.309271,0.0029866606928408146,1.3879277958039893e-06,0.0,0.0,0.0,0.0002530813217163086,0.9999999403953552,0.009970876388251781,0.0,0.0,0.0,0.0,0.00019687594613060355
1692790973.3537116,0.003467563772574067,1.6154916693267296e-06,0.0,0.0,0.0,0.00022011995315551758,1.0,0.00924813561141491,0.0,0.0,0.0,0.0,-0.0012677449267357588
1692790973.3975692,0.003771292045712471,1.755731318553444e-06,0.0,0.0,0.0,0.0002416074275970459,1.0,0.009203885681927204,0.0,0.0,0.0,0.0,0.0013022711500525475
1692790973.4412649,0.004555923398584127,2.061241048068041e-06,0.0,0.0,0.0,0.00014775991439819336,1.0,0.01245446503162384,0.0,0.0,0.0,0.0,-0.0029792862478643656
1692790973.4991465,0.005138068925589323,2.308260263816919e-06,0.0,0.0,0.0,0.0002765655517578125,0.9999999403953552,0.01764078065752983,0.0,0.0,0.0,0.0,0.007806402165442705
1692790973.541219,0.006606088485568762,3.2917255339270923e-06,0.0,0.0,0.0,0.00039336085319519043,0.9999999403953552,0.0240658987313509,0.0,0.0,0.0,0.0,0.0038293541874736547
1692790973.6118376,0.007669136859476566,4.100707883480936e-06,0.0,0.0,0.0,0.0003676414489746094,0.9999999403953552,0.03221360221505165,0.0,0.0,0.0,0.0,-0.0015587517991662025
1692790973.6535184,0.010048341006040573,5.5569007599842735e-06,0.0,0.0,0.0,0.00024440884590148926,0.9999999403953552,0.03965340927243233,0.0,0.0,0.0,0.0,-0.0041077532805502415
1692790973.7064734,0.011617603711783886,6.529060101456707e-06,0.0,0.0,0.0,0.0003750920295715332,0.9999999403953552,0.0475534126162529,0.0,0.0,0.0,0.0,0.007920192554593086
1692790973.7498813,0.016426632180809975,1.17143863462843e-05,0.0,0.0,0.0,0.0007031559362076223,0.9999997615814209,0.05864671245217323,0.0,0.0,0.0,0.0,0.008001560345292091
1692790973.7932434,0.01865397021174431,1.4804436432314105e-05,0.0,0.0,0.0,0.0006841718568466604,0.9999997615814209,0.06749516725540161,0.0,0.0,0.0,0.0,-0.0011505503207445145
1692790973.8375165,0.023462995886802673,2.138068521162495e-05,0.0,0.0,0.0,0.0006833075894974172,0.9999997615814209,0.07633381336927414,0.0,0.0,0.0,0.0,-2.7437059543444775e-05
1692790973.881358,0.026297790929675102,2.5296327294199727e-05,0.0,0.0,0.0,0.0006979703321121633,0.9999997615814209,0.08590293675661087,0.0,0.0,0.0,0.0,0.0008886510622687638
1692790973.925169,0.029917215928435326,3.0181747206370346e-05,0.0,0.0,0.0,0.0006518065347336233,0.9999997615814209,0.09048570692539215,0.0,0.0,0.0,0.0,-0.002308189868927002
1692790973.9692202,0.03305573761463165,3.412603837205097e-05,0.0,0.0,0.0,0.0006049274816177785,0.9999998211860657,0.0951068252325058,0.0,0.0,0.0,0.0,-0.0028411548119038343
1692790974.019777,0.03880125656723976,4.3042153265560046e-05,0.0,0.0,0.0,0.0009469090728089213,0.9999995231628418,0.10259867459535599,0.0,0.0,0.0,0.0,0.012213630601763725
1692790974.0571916,0.042471300810575485,5.008432344766334e-05,0.0,0.0,0.0,0.0009719131630845368,0.9999995231628418,0.11121362447738647,0.0,0.0,0.0,0.0,0.0015154029242694378
1692790974.1016092,0.04634382575750351,5.8618810726329684e-05,0.0,0.0,0.0,0.0012319382512941957,0.9999992251396179,0.1173495501279831,0.0,0.0,0.0,0.0,0.01575910672545433
1692790974.1452668,0.05089973285794258,7.097641355358064e-05,0.0,0.0,0.0,0.001480489387176931,0.999998927116394,0.12313307076692581,0.0,0.0,0.0,0.0,0.013435209169983864
1692790974.189439,0.055151909589767456,8.404139225604013e-05,0.0,0.0,0.0,0.0015920393634587526,0.9999987483024597,0.1288544088602066,0.0,0.0,0.0,0.0,0.006760611664503813
1692790974.2332606,0.06383342295885086,0.00011429731239331886,0.0,0.0,0.0,0.001893042353913188,0.9999982118606567,0.13564945757389069,0.0,0.0,0.0,0.0,0.009406358003616333
1692790974.2772515,0.06861710548400879,0.00013317613047547638,0.0,0.0,0.0,0.0020534382201731205,0.9999979138374329,0.14496120810508728,0.0,0.0,0.0,0.0,0.009720975533127785
1692790974.3218868,0.08094330877065659,0.00018301654199603945,0.0,0.0,0.0,0.001989989075809717,0.9999980330467224,0.15602916479110718,0.0,0.0,0.0,0.0,-0.0016063074581325054
1692790974.3772137,0.08635974675416946,0.0002055822405964136,0.0,0.0,0.0,0.0021761341486126184,0.999997615814209,0.16413596272468567,0.0,0.0,0.0,0.0,0.011281534098088741
1692790974.4272099,0.09954648464918137,0.00026418373454362154,0.0,0.0,0.0,0.0022678058594465256,0.9999974370002747,0.17351141571998596,0.0,0.0,0.0,0.0,0.002412419533357024
1692790974.5012808,0.1055956780910492,0.00029048550641164184,0.0,0.0,0.0,0.0020801411010324955,0.9999978542327881,0.18331073224544525,0.0,0.0,0.0,0.0,-0.011373650282621384
1692790974.566675,0.12230058014392853,0.0003620526404120028,0.0,0.0,0.0,0.0022040288895368576,0.9999975562095642,0.19201210141181946,0.0,0.0,0.0,0.0,0.0028480058535933495
1692790974.6344182,0.12890660762786865,0.0003917846770491451,0.0,0.0,0.0,0.0022966840770095587,0.9999973773956299,0.20018452405929565,0.0,0.0,0.0,0.0,0.0056154802441596985
1692790974.6773803,0.145915225148201,0.00046680227387696505,0.0,0.0,0.0,0.0021138472948223352,0.9999977946281433,0.20998495817184448,0.0,0.0,0.0,0.0,-0.00451450003311038
1692790974.7260873,0.15310339629650116,0.0004977000062353909,0.0,0.0,0.0,0.0021845384035259485,0.999997615814209,0.21782530844211578,0.0,0.0,0.0,0.0,0.004284309688955545
1692790974.7776253,0.16051936149597168,0.0005292310379445553,0.0,0.0,0.0,0.0020672068931162357,0.9999978542327881,0.22472821176052094,0.0,0.0,0.0,0.0,-0.007111014798283577
1692790974.821276,0.17289619147777557,0.0005792056908831,0.0,0.0,0.0,0.001970528392121196,0.9999980330467224,0.22920233011245728,0.0,0.0,0.0,0.0,-0.003580693854019046
1692790974.869558,0.18071714043617249,0.0006090489914640784,0.0,0.0,0.0,0.0018452693475410342,0.9999982714653015,0.23700006306171417,0.0,0.0,0.0,0.0,-0.007591464091092348
1692790974.8696244,0.19382800161838531,0.0006553105195052922,0.0,0.0,0.0,0.0016832045512273908,0.9999985694885254,0.23838064074516296,0.0,0.0,0.0,0.0,-0.0058932737447321415
1692790974.9156222,0.20187675952911377,0.0006827408797107637,0.0,0.0,0.0,0.0017248085932806134,0.9999985098838806,0.24390298128128052,0.0,0.0,0.0,0.0,0.002521457150578499
1692790974.9225554,0.21068482100963593,0.0007156279170885682,0.0,0.0,0.0,0.0020089135505259037,0.9999979734420776,0.23805727064609528,0.0,0.0,0.0,0.0,0.015357056632637978
1692790974.9662776,0.21865762770175934,0.0007469987613148987,0.0,0.0,0.0,0.0019257951062172651,0.999998152256012,0.24160200357437134,0.0,0.0,0.0,0.0,-0.0050374954007565975
1692790975.0093732,0.23045231401920319,0.000794985971879214,0.0,0.0,0.0,0.002142725745216012,0.9999976754188538,0.2407097965478897,0.0,0.0,0.0,0.0,0.008854330517351627
1692790975.0565684,0.23845042288303375,0.0008295017178170383,0.0,0.0,0.0,0.002172736683860421,0.999997615814209,0.24236899614334106,0.0,0.0,0.0,0.0,0.0018188448157161474
1692790975.1000965,0.254902184009552,0.0009063323959708214,0.0,0.0,0.0,0.0024972830433398485,0.9999969005584717,0.23843400180339813,0.0,0.0,0.0,0.0,0.009407168254256248
1692790975.1673212,0.2627483904361725,0.000949174165725708,0.0,0.0,0.0,0.0029628530610352755,0.9999955892562866,0.2377670556306839,0.0,0.0,0.0,0.0,0.02821647748351097
1692790975.2451813,0.2776814103126526,0.0010415907017886639,0.0,0.0,0.0,0.003225797787308693,0.9999948143959045,0.2370365858078003,0.0,0.0,0.0,0.0,0.008347488939762115
1692790975.3026614,0.2856287956237793,0.0010952684096992016,0.0,0.0,0.0,0.0035282301250845194,0.9999938011169434,0.2408350110054016,0.0,0.0,0.0,0.0,0.018329331651329994
1692790975.345251,0.3054211437702179,0.0012507764622569084,0.0,0.0,0.0,0.004328565206378698,0.9999906420707703,0.23846936225891113,0.0,0.0,0.0,0.0,0.019285334274172783
1692790975.4045615,0.31336838006973267,0.0013228903990238905,0.0,0.0,0.0,0.0047452570870518684,0.9999887347221375,0.23375163972377777,0.0,0.0,0.0,0.0,0.024511532858014107
1692790975.452979,0.33371713757514954,0.001526908134110272,0.0,0.0,0.0,0.0052804104052484035,0.9999860525131226,0.2422594279050827,0.0,0.0,0.0,0.0,0.01274191215634346
1692790975.5333347,0.34171485900878906,0.0016132703749462962,0.0,0.0,0.0,0.005517484620213509,0.9999848008155823,0.23524050414562225,0.0,0.0,0.0,0.0,0.01394573412835598
1692790975.577236,0.3651511073112488,0.0018741433741524816,0.0,0.0,0.0,0.005613178480416536,0.9999842643737793,0.24162572622299194,0.0,0.0,0.0,0.0,0.0019730981439352036
1692790975.6421554,0.3731740713119507,0.0019661765545606613,0.0,0.0,0.0,0.005857493728399277,0.9999828338623047,0.2359849363565445,0.0,0.0,0.0,0.0,0.01437173131853342
1692790975.6854262,0.38851115107536316,0.0021580159664154053,0.0,0.0,0.0,0.006649981718510389,0.9999778866767883,0.24346469342708588,0.0,0.0,0.0,0.0,0.0251588374376297
1692790975.7340806,0.3965086042881012,0.0022648596204817295,0.0,0.0,0.0,0.006708810105919838,0.9999774694442749,0.24236899614334106,0.0,0.0,0.0,0.0,0.003565441584214568
1692790975.7894502,0.4125033915042877,0.0024889023043215275,0.0,0.0,0.0,0.007297391537576914,0.9999733567237854,0.23875154554843903,0.0,0.0,0.0,0.0,0.017570026218891144
1692790975.8443623,0.4205766022205353,0.002608858747407794,0.0,0.0,0.0,0.007559942547231913,0.9999714493751526,0.24466997385025024,0.0,0.0,0.0,0.0,0.015912633389234543
1692790975.8856962,0.4363938868045807,0.002854058053344488,0.0,0.0,0.0,0.007940655574202538,0.9999684691429138,0.23968453705310822,0.0,0.0,0.0,0.0,0.01153711136430502
1692790975.9292727,0.4444163143634796,0.0029837898910045624,0.0,0.0,0.0,0.00822889432311058,0.9999661445617676,0.2359849363565445,0.0,0.0,0.0,0.0,0.016955768689513206
1692790975.9732087,0.4572724401950836,0.003193680429831147,0.0,0.0,0.0,0.008095593191683292,0.9999672174453735,0.24260054528713226,0.0,0.0,0.0,0.0,-0.005030407104641199
1692790976.0173492,0.46524423360824585,0.003325330326333642,0.0,0.0,0.0,0.008417208679020405,0.9999645948410034,0.2344960719347,0.0,0.0,0.0,0.0,0.018919214606285095
1692790976.0612164,0.4822758734226227,0.0036146242637187243,0.0,0.0,0.0,0.008566631935536861,0.9999632835388184,0.24334417283535004,0.0,0.0,0.0,0.0,0.004269395489245653
1692790976.1052809,0.49029815196990967,0.0037541657220572233,0.0,0.0,0.0,0.008825634606182575,0.9999610781669617,0.2431359887123108,0.0,0.0,0.0,0.0,0.015697695314884186
1692790976.1492712,0.5023694038391113,0.0039721340872347355,0.0,0.0,0.0,0.009228992275893688,0.9999573826789856,0.23672936856746674,0.0,0.0,0.0,0.0,0.015818605199456215
1692790976.1931913,0.5103915333747864,0.0041206758469343185,0.0,0.0,0.0,0.009285137988626957,0.9999569058418274,0.2431359887123108,0.0,0.0,0.0,0.0,0.003402883419767022
1692790976.2423458,0.5245376825332642,0.004389050882309675,0.0,0.0,0.0,0.009683934040367603,0.9999530911445618,0.23980802297592163,0.0,0.0,0.0,0.0,0.01351914182305336
1692790976.2987404,0.5325090289115906,0.004545583855360746,0.0,0.0,0.0,0.009950205683708191,0.9999504685401917,0.24160200357437134,0.0,0.0,0.0,0.0,0.016138408333063126
1692790976.3412807,0.5470598340034485,0.004833702929317951,0.0,0.0,0.0,0.009847809560596943,0.9999514818191528,0.23858433961868286,0.0,0.0,0.0,0.0,-0.003357402514666319
1692790976.3857245,0.5550817847251892,0.004991952329874039,0.0,0.0,0.0,0.009876418858766556,0.9999512434005737,0.2431359887123108,0.0,0.0,0.0,0.0,0.0017339532496407628
1692790976.429253,0.5690000057220459,0.00526251969859004,0.0,0.0,0.0,0.009560588747262955,0.9999542832374573,0.24001513421535492,0.0,0.0,0.0,0.0,-0.010891207493841648
1692790976.473326,0.5769461393356323,0.005414196290075779,0.0,0.0,0.0,0.009524975903332233,0.9999546408653259,0.2408350110054016,0.0,0.0,0.0,0.0,-0.0021584106143563986
1692790976.517413,0.5901557803153992,0.00567361805588007,0.0,0.0,0.0,0.010111010633409023,0.9999488592147827,0.24022142589092255,0.0,0.0,0.0,0.0,0.02131137065589428
1692790976.5696695,0.5981269478797913,0.0058382414281368256,0.0,0.0,0.0,0.010538025759160519,0.9999444484710693,0.24160200357437134,0.0,0.0,0.0,0.0,0.02588105946779251
1692790976.6205986,0.6168018579483032,0.006241833791136742,0.0,0.0,0.0,0.011069637723267078,0.9999387264251709,0.23947803676128387,0.0,0.0,0.0,0.0,0.01363188773393631
1692790976.6730108,0.6248486638069153,0.006421742960810661,0.0,0.0,0.0,0.011284052394330502,0.9999363422393799,0.24390298128128052,0.0,0.0,0.0,0.0,0.012995618395507336
1692790976.7135391,0.635628342628479,0.006660779006779194,0.0,0.0,0.0,0.010886513628065586,0.9999407529830933,0.2343989610671997,0.0,0.0,0.0,0.0,-0.01728534698486328
1692790976.7608917,0.6433969736099243,0.006824446842074394,0.0,0.0,0.0,0.0101776747033,0.9999482035636902,0.23546607792377472,0.0,0.0,0.0,0.0,-0.04296230524778366
1692790976.8141086,0.6628067493438721,0.007195496931672096,0.0,0.0,0.0,0.008936375379562378,0.9999600648880005,0.23111067712306976,0.0,0.0,0.0,0.0,-0.029556099325418472
1692790976.8742373,0.6706265807151794,0.007332043722271919,0.0,0.0,0.0,0.008523301221430302,0.9999637007713318,0.23002947866916656,0.0,0.0,0.0,0.0,-0.024299411103129387
1692790976.9175973,0.6843430399894714,0.007560811936855316,0.0,0.0,0.0,0.008153288625180721,0.9999667406082153,0.23652400076389313,0.0,0.0,0.0,0.0,-0.012759504839777946
1692790976.9612217,0.6921883225440979,0.007687355391681194,0.0,0.0,0.0,0.007975016720592976,0.9999681711196899,0.2377670556306839,0.0,0.0,0.0,0.0,-0.010804696939885616
1692790977.0054884,0.7053734660148621,0.007900280877947807,0.0,0.0,0.0,0.008172301575541496,0.9999666213989258,0.23547978699207306,0.0,0.0,0.0,0.0,0.007046120706945658
1692790977.0492852,0.713193416595459,0.008028547279536724,0.0,0.0,0.0,0.00822850689291954,0.9999661445617676,0.23700006306171417,0.0,0.0,0.0,0.0,0.003406495787203312
1692790977.093462,0.7267582416534424,0.008244329132139683,0.0,0.0,0.0,0.007677420042455196,0.999970555305481,0.2380092591047287,0.0,0.0,0.0,0.0,-0.0193370021879673
1692790977.1421392,0.7345277667045593,0.008360185660421848,0.0,0.0,0.0,0.007233050186187029,0.9999738335609436,0.22854061424732208,0.0,0.0,0.0,0.0,-0.02614014223217964
1692790977.1853366,0.7494595050811768,0.008577336557209492,0.0,0.0,0.0,0.007308715954422951,0.9999732971191406,0.2370365858078003,0.0,0.0,0.0,0.0,0.0024021617136895657
1692790977.2293327,0.7572797536849976,0.00868738628923893,0.0,0.0,0.0,0.006762691307812929,0.9999771118164062,0.23002947866916656,0.0,0.0,0.0,0.0,-0.03211989253759384
1692790977.2732139,0.7679600119590759,0.008824444375932217,0.0,0.0,0.0,0.006069384515285492,0.9999815821647644,0.2373579889535904,0.0,0.0,0.0,0.0,-0.03081427700817585
1692790977.3175316,0.7757804989814758,0.008915404789149761,0.0,0.0,0.0,0.005561144091188908,0.9999845623970032,0.23002947866916656,0.0,0.0,0.0,0.0,-0.029896989464759827
1692790977.3612692,0.7891944050788879,0.00905592367053032,0.0,0.0,0.0,0.004914025776088238,0.9999879002571106,0.23534497618675232,0.0,0.0,0.0,0.0,-0.022706232964992523
1692790977.4053247,0.7970150709152222,0.009126895107328892,0.0,0.0,0.0,0.004160541109740734,0.9999913573265076,0.23002947866916656,0.0,0.0,0.0,0.0,-0.044323064386844635
1692790977.451565,0.8075693249702454,0.009204555302858353,0.0,0.0,0.0,0.003197485813871026,0.9999948740005493,0.23454569280147552,0.0,0.0,0.0,0.0,-0.042802758514881134
1692790977.4934814,0.8152889609336853,0.00924832932651043,0.0,0.0,0.0,0.0024729047436267138,0.9999969601631165,0.2270517498254776,0.0,0.0,0.0,0.0,-0.042622581124305725
1692790977.5372295,0.8272861838340759,0.009285570122301579,0.0,0.0,0.0,0.0006312131299637258,0.9999998211860657,0.22636349499225616,0.0,0.0,0.0,0.0,-0.06949789077043533
1692790977.584349,0.8348034620285034,0.009285129606723785,0.0,0.0,0.0,-0.0006898342981003225,0.9999997615814209,0.22779618203639984,0.0,0.0,0.0,0.0,-0.08006348460912704
1692790977.6259427,0.8422447443008423,0.00926284771412611,0.0,0.0,0.0,-0.002304492285475135,0.9999973177909851,0.22549520432949066,0.0,0.0,0.0,0.0,-0.09785818308591843
1692790977.6693993,0.8545454144477844,0.009170828387141228,0.0,0.0,0.0,-0.005176222883164883,0.9999865889549255,0.22365443408489227,0.0,0.0,0.0,0.0,-0.10442733764648438
1692790977.713641,0.8618090748786926,0.009084464982151985,0.0,0.0,0.0,-0.00671292282640934,0.9999774694442749,0.21365197002887726,0.0,0.0,0.0,0.0,-0.09039570391178131
1692790977.757667,0.8739312291145325,0.008884641341865063,0.0,0.0,0.0,-0.009769522584974766,0.9999522566795349,0.2204330712556839,0.0,0.0,0.0,0.0,-0.11115290969610214
1692790977.801575,0.8811936974525452,0.008727770298719406,0.0,0.0,0.0,-0.011826924979686737,0.9999300837516785,0.21365197002887726,0.0,0.0,0.0,0.0,-0.12103074043989182
1692790977.845168,0.8938446044921875,0.008392628282308578,0.0,0.0,0.0,-0.014657657593488693,0.9998925924301147,0.22202356159687042,0.0,0.0,0.0,0.0,-0.09933271259069443
1692790977.89,0.9012064933776855,0.008165343664586544,0.0,0.0,0.0,-0.016204362735152245,0.9998686909675598,0.21662969887256622,0.0,0.0,0.0,0.0,-0.0909935012459755
1692790977.9331958,0.9133224487304688,0.007728687487542629,0.0,0.0,0.0,-0.019817812368273735,0.9998036026954651,0.2245151698589325,0.0,0.0,0.0,0.0,-0.1338532716035843
1692790977.9771914,0.9208078980445862,0.00741617800667882,0.0,0.0,0.0,-0.02190384827554226,0.999760091304779,0.22035185992717743,0.0,0.0,0.0,0.0,-0.12273472547531128
1692790977.9772258,0.931806206703186,0.006905082147568464,0.0,0.0,0.0,-0.024529052898287773,0.9996991157531738,0.22469690442085266,0.0,0.0,0.0,0.0,-0.10718009620904922
1692790978.032717,0.9392379522323608,0.006527533754706383,0.0,0.0,0.0,-0.02622387185692787,0.999656081199646,0.21886299550533295,0.0,0.0,0.0,0.0,-0.0997273325920105
1692790978.0603786,0.9503829479217529,0.0059117102064192295,0.0,0.0,0.0,-0.028968453407287598,0.9995803236961365,0.22324025630950928,0.0,0.0,0.0,0.0,-0.10982513427734375
1692790978.1069343,0.9578109979629517,0.005466779228299856,0.0,0.0,0.0,-0.030850045382976532,0.9995239973068237,0.21886299550533295,0.0,0.0,0.0,0.0,-0.11073140799999237
1692790978.1493442,0.9671566486358643,0.004865541588515043,0.0,0.0,0.0,-0.033383872359991074,0.9994425773620605,0.22297509014606476,0.0,0.0,0.0,0.0,-0.12072069197893143
1692790978.1987817,0.9744540452957153,0.004361629020422697,0.0,0.0,0.0,-0.035546619445085526,0.9993680119514465,0.21514083445072174,0.0,0.0,0.0,0.0,-0.12729623913764954
1692790978.2412183,0.9847525358200073,0.003598205978050828,0.0,0.0,0.0,-0.03843061253428459,0.9992612600326538,0.2197183072566986,0.0,0.0,0.0,0.0,-0.12280713021755219
1692790978.299594,0.9920949935913086,0.003017186187207699,0.0,0.0,0.0,-0.040515802800655365,0.9991788864135742,0.22319424152374268,0.0,0.0,0.0,0.0,-0.1264738291501999
1692790978.3422318,1.0113599300384521,0.0013457736931741238,0.0,0.0,0.0,-0.045999202877283096,0.9989414811134338,0.2197427749633789,0.0,0.0,0.0,0.0,-0.12473965436220169
1692790978.3915336,1.0186675786972046,0.0006562796188518405,0.0,0.0,0.0,-0.04804001376032829,0.9988453984260559,0.22242724895477295,0.0,0.0,0.0,0.0,-0.12382233142852783
1692790978.43335,1.0297746658325195,-0.00044949512812308967,0.0,0.0,0.0,-0.051147811114788055,0.9986910820007324,0.21886299550533295,0.0,0.0,0.0,0.0,-0.12202472984790802
1692790978.4786465,1.0370242595672607,-0.0012109021190553904,0.0,0.0,0.0,-0.0534481406211853,0.9985706210136414,0.2208932638168335,0.0,0.0,0.0,0.0,-0.13960491120815277
1692790978.5228217,1.0457794666290283,-0.0021748587023466825,0.0,0.0,0.0,-0.05615601688623428,0.9984220266342163,0.21483217179775238,0.0,0.0,0.0,0.0,-0.1322903335094452
1692790978.565394,1.0528701543807983,-0.0029914865735918283,0.0,0.0,0.0,-0.058444079011678696,0.9982906579971313,0.21629132330417633,0.0,0.0,0.0,0.0,-0.13889868557453156
1692790978.6092236,1.059881329536438,-0.003834139322862029,0.0,0.0,0.0,-0.06109703704714775,0.9981318116188049,0.21399034559726715,0.0,0.0,0.0,0.0,-0.16107343137264252
1692790978.6566224,1.0702509880065918,-0.005153899546712637,0.0,0.0,0.0,-0.06540882587432861,0.9978585243225098,0.2090662717819214,0.0,0.0,0.0,0.0,-0.17281770706176758
1692790978.6975665,1.0772242546081543,-0.006093799136579037,0.0,0.0,0.0,-0.0684686079621315,0.9976532459259033,0.21322335302829742,0.0,0.0,0.0,0.0,-0.1858581155538559
1692790978.741277,1.0887746810913086,-0.007747374940663576,0.0,0.0,0.0,-0.0736059695482254,0.997287392616272,0.2083611935377121,0.0,0.0,0.0,0.0,-0.1839420646429062
1692790978.7858126,1.0957317352294922,-0.008801253512501717,0.0,0.0,0.0,-0.07659395039081573,0.9970623850822449,0.21322335302829742,0.0,0.0,0.0,0.0,-0.18160271644592285
1692790978.8292637,1.1067800521850586,-0.010559639893472195,0.0,0.0,0.0,-0.08107301592826843,0.9967081546783447,0.2110815793275833,0.0,0.0,0.0,0.0,-0.1695493459701538
1692790978.8732135,1.1137208938598633,-0.011715148575603962,0.0,0.0,0.0,-0.08370645344257355,0.996490478515625,0.21322335302829742,0.0,0.0,0.0,0.0,-0.16014684736728668
1692790978.917317,1.1260385513305664,-0.013862578198313713,0.0,0.0,0.0,-0.088681161403656,0.9960600733757019,0.21192337572574615,0.0,0.0,0.0,0.0,-0.1692640632390976
1692790978.961318,1.1330353021621704,-0.015139349736273289,0.0,0.0,0.0,-0.09156805276870728,0.9957988262176514,0.2155243307352066,0.0,0.0,0.0,0.0,-0.17567837238311768
1692790979.0053246,1.1426591873168945,-0.01696377992630005,0.0,0.0,0.0,-0.09550859779119492,0.9954286217689514,0.21293990314006805,0.0,0.0,0.0,0.0,-0.17208249866962433
1692790979.0511339,1.1497375965118408,-0.018353795632719994,0.0,0.0,0.0,-0.09809565544128418,0.9951769709587097,0.21859228610992432,0.0,0.0,0.0,0.0,-0.1575314700603485
1692790979.0931551,1.1662518978118896,-0.02173537388443947,0.0,0.0,0.0,-0.10353568196296692,0.9946257472038269,0.2133786976337433,0.0,0.0,0.0,0.0,-0.13842764496803284
1692790979.1372533,1.1732324361801147,-0.02322467416524887,0.0,0.0,0.0,-0.10627695173025131,0.9943365454673767,0.21629132330417633,0.0,0.0,0.0,0.0,-0.16705918312072754
1692790979.1813579,1.1801302433013916,-0.024736890569329262,0.0,0.0,0.0,-0.10911957919597626,0.994028627872467,0.21399034559726715,0.0,0.0,0.0,0.0,-0.1732887625694275
1692790979.1814082,1.188969612121582,-0.02672981470823288,0.0,0.0,0.0,-0.11217883974313736,0.9936880469322205,0.21072618663311005,0.0,0.0,0.0,0.0,-0.14317035675048828
1692790979.2346046,1.1959730386734009,-0.02834935300052166,0.0,0.0,0.0,-0.11458723992109299,0.9934132099151611,0.21782530844211578,0.0,0.0,0.0,0.0,-0.14691099524497986
1692790979.2709484,1.2058972120285034,-0.030706239864230156,0.0,0.0,0.0,-0.11805426329374313,0.9930071234703064,0.21702566742897034,0.0,0.0,0.0,0.0,-0.14854112267494202
1692790979.3292913,1.2129557132720947,-0.032422393560409546,0.0,0.0,0.0,-0.11988482624292374,0.992787778377533,0.22012627124786377,0.0,0.0,0.0,0.0,-0.11173703521490097
1692790979.3738358,1.2248698472976685,-0.03537975251674652,0.0,0.0,0.0,-0.12282069772481918,0.9924288988113403,0.21920862793922424,0.0,0.0,0.0,0.0,-0.10563326627016068
1692790979.417296,1.2319360971450806,-0.037170011550188065,0.0,0.0,0.0,-0.12467662245035172,0.9921974539756775,0.2208932638168335,0.0,0.0,0.0,0.0,-0.11335177719593048
1692790979.4654086,1.246640920639038,-0.040963925421237946,0.0,0.0,0.0,-0.12715022265911102,0.9918834567070007,0.22009292244911194,0.0,0.0,0.0,0.0,-0.07227365672588348
1692790979.5259087,1.253716230392456,-0.042820271104574203,0.0,0.0,0.0,-0.1287323385477066,0.9916793704032898,0.22166025638580322,0.0,0.0,0.0,0.0,-0.09668053686618805
1692790979.5694673,1.2679452896118164,-0.046632274985313416,0.0,0.0,0.0,-0.13227693736553192,0.991212785243988,0.21986298263072968,0.0,0.0,0.0,0.0,-0.1067216694355011
1692790979.6143117,1.2749524116516113,-0.04854739457368851,0.0,0.0,0.0,-0.1337256133556366,0.9910184144973755,0.22012627124786377,0.0,0.0,0.0,0.0,-0.08858514577150345
1692790979.6572764,1.2871193885803223,-0.05193610489368439,0.0,0.0,0.0,-0.13707353174686432,0.9905608892440796,0.2177591770887375,0.0,0.0,0.0,0.0,-0.11651886254549026
1692790979.7013106,1.2941792011260986,-0.05394501984119415,0.0,0.0,0.0,-0.1392674595117569,0.990254819393158,0.22242724895477295,0.0,0.0,0.0,0.0,-0.1342531442642212
1692790979.7453098,1.3039509057998657,-0.05678101256489754,0.0,0.0,0.0,-0.14225968718528748,0.9898293614387512,0.21648715436458588,0.0,0.0,0.0,0.0,-0.1286090761423111
1692790979.7896717,1.3110134601593018,-0.05887121334671974,0.0,0.0,0.0,-0.14448869228363037,0.9895064234733582,0.22319424152374268,0.0,0.0,0.0,0.0,-0.13650186359882355
1692790979.8332067,1.321285367012024,-0.061979036778211594,0.0,0.0,0.0,-0.14825592935085297,0.9889490008354187,0.21463462710380554,0.0,0.0,0.0,0.0,-0.1523303985595703
1692790979.8772001,1.3283222913742065,-0.06415396928787231,0.0,0.0,0.0,-0.15038222074508667,0.9886279106140137,0.22319424152374268,0.0,0.0,0.0,0.0,-0.13032646477222443
1692790979.9214327,1.337714433670044,-0.06710820645093918,0.0,0.0,0.0,-0.15318360924720764,0.9881977438926697,0.21879681944847107,0.0,0.0,0.0,0.0,-0.12596580386161804
1692790979.9653182,1.344705581665039,-0.06934457272291183,0.0,0.0,0.0,-0.15518169105052948,0.9878859519958496,0.22242724895477295,0.0,0.0,0.0,0.0,-0.12256159633398056
1692790980.009245,1.3569059371948242,-0.0733225867152214,0.0,0.0,0.0,-0.15870222449302673,0.9873265027999878,0.22125031054019928,0.0,0.0,0.0,0.0,-0.12292122095823288
1692790980.0534303,1.363944172859192,-0.07565932720899582,0.0,0.0,0.0,-0.1604815125465393,0.9870388507843018,0.22472821176052094,0.0,0.0,0.0,0.0,-0.10923544317483902
1692790980.0977278,1.3786638975143433,-0.0806438997387886,0.0,0.0,0.0,-0.16458186507225037,0.986363410949707,0.22201088070869446,0.0,0.0,0.0,0.0,-0.11873160302639008
1692790980.1433456,1.385674238204956,-0.08306316286325455,0.0,0.0,0.0,-0.1661938577890396,0.9860931038856506,0.22472821176052094,0.0,0.0,0.0,0.0,-0.09906111657619476
1692790980.1852508,1.3977128267288208,-0.08728241920471191,0.0,0.0,0.0,-0.1693112552165985,0.9855626225471497,0.2199411392211914,0.0,0.0,0.0,0.0,-0.10904155671596527
1692790980.2293766,1.404675006866455,-0.0897625982761383,0.0,0.0,0.0,-0.17124231159687042,0.985228955745697,0.2239612191915512,0.0,0.0,0.0,0.0,-0.11876857280731201
1692790980.2732534,1.4143378734588623,-0.09325949847698212,0.0,0.0,0.0,-0.1742442548274994,0.984702467918396,0.2186412513256073,0.0,0.0,0.0,0.0,-0.12969209253787994
1692790980.3177729,1.4212030172348022,-0.09578442573547363,0.0,0.0,0.0,-0.17636632919311523,0.98432457447052,0.22166025638580322,0.0,0.0,0.0,0.0,-0.13063351809978485
1692790980.3614213,1.4320847988128662,-0.09985317289829254,0.0,0.0,0.0,-0.17953646183013916,0.9837512969970703,0.21920008957386017,0.0,0.0,0.0,0.0,-0.12156760692596436
1692790980.4055538,1.4389463663101196,-0.10246004909276962,0.0,0.0,0.0,-0.1815529614686966,0.9833811521530151,0.22242724895477295,0.0,0.0,0.0,0.0,-0.124254010617733
1692790980.4495258,1.4495729207992554,-0.10655927658081055,0.0,0.0,0.0,-0.184534952044487,0.9828259348869324,0.21903479099273682,0.0,0.0,0.0,0.0,-0.11666348576545715
1692790980.5056312,1.4564319849014282,-0.10924293845891953,0.0,0.0,0.0,-0.1862526834011078,0.9825018644332886,0.22319424152374268,0.0,0.0,0.0,0.0,-0.10594093799591064
1692790980.5493255,1.4694139957427979,-0.11440712958574295,0.0,0.0,0.0,-0.19009310007095337,0.9817660450935364,0.22176982462406158,0.0,0.0,0.0,0.0,-0.12413565814495087
1692790980.6305716,1.476241111755371,-0.11717124283313751,0.0,0.0,0.0,-0.19224074482917786,0.9813477993011475,0.22319424152374268,0.0,0.0,0.0,0.0,-0.1326058804988861
1692790980.675235,1.483009934425354,-0.11994428187608719,0.0,0.0,0.0,-0.19413867592811584,0.9809740781784058,0.22166025638580322,0.0,0.0,0.0,0.0,-0.11723510921001434
1692790980.7173524,1.4976292848587036,-0.12605349719524384,0.0,0.0,0.0,-0.19910995662212372,0.9799771308898926,0.22006236016750336,0.0,0.0,0.0,0.0,-0.1408408135175705
1692790980.7612484,1.5171058177947998,-0.13445255160331726,0.0,0.0,0.0,-0.20522575080394745,0.978714644908905,0.21866345405578613,0.0,0.0,0.0,0.0,-0.12875771522521973
1692790980.8073425,1.5237743854522705,-0.13739651441574097,0.0,0.0,0.0,-0.20752373337745667,0.9782299995422363,0.2208932638168335,0.0,0.0,0.0,0.0,-0.1423358917236328
1692790980.851806,1.534051537513733,-0.14200527966022491,0.0,0.0,0.0,-0.21092259883880615,0.9775027632713318,0.21660107374191284,0.0,0.0,0.0,0.0,-0.13368405401706696
1692790980.901876,1.5406626462936401,-0.14501553773880005,0.0,0.0,0.0,-0.2131156325340271,0.9770269989967346,0.22012627124786377,0.0,0.0,0.0,0.0,-0.13600334525108337
1692790980.9451551,1.5521714687347412,-0.1503397524356842,0.0,0.0,0.0,-0.21680302917957306,0.9762153625488281,0.2149263322353363,0.0,0.0,0.0,0.0,-0.12798835337162018
1692790980.9893389,1.5586762428283691,-0.15339890122413635,0.0,0.0,0.0,-0.21926498413085938,0.9756653308868408,0.21782530844211578,0.0,0.0,0.0,0.0,-0.1528877168893814
1692790981.0333953,1.5669437646865845,-0.15734852850437164,0.0,0.0,0.0,-0.22272911667823792,0.9748803973197937,0.21308065950870514,0.0,0.0,0.0,0.0,-0.16520744562149048
1692790981.077216,1.5734106302261353,-0.16048704087734222,0.0,0.0,0.0,-0.22527380287647247,0.9742954969406128,0.21782530844211578,0.0,0.0,0.0,0.0,-0.15824490785598755
1692790981.122481,1.5848666429519653,-0.16615591943264008,0.0,0.0,0.0,-0.23020224273204803,0.9731428027153015,0.213031604886055,0.0,0.0,0.0,0.0,-0.16871492564678192
1692790981.166527,1.591283917427063,-0.16939453780651093,0.0,0.0,0.0,-0.23293040692806244,0.9724934101104736,0.21782530844211578,0.0,0.0,0.0,0.0,-0.1699635535478592
1692790981.2095156,1.6013951301574707,-0.17458263039588928,0.0,0.0,0.0,-0.2367183417081833,0.9715782999992371,0.2144244909286499,0.0,0.0,0.0,0.0,-0.14705252647399902
1692790981.2626393,1.607588768005371,-0.17781376838684082,0.0,0.0,0.0,-0.23951084911823273,0.9708936810493469,0.21168938279151917,0.0,0.0,0.0,0.0,-0.17425508797168732
1692790981.3054004,1.6203182935714722,-0.18460345268249512,0.0,0.0,0.0,-0.24559365212917328,0.9693728685379028,0.2090882807970047,0.0,0.0,0.0,0.0,-0.18174061179161072
1692790981.3586247,1.6263395547866821,-0.18788883090019226,0.0,0.0,0.0,-0.24871480464935303,0.9685767889022827,0.20785441994667053,0.0,0.0,0.0,0.0,-0.19521784782409668
1692790981.4014347,1.6355154514312744,-0.19300122559070587,0.0,0.0,0.0,-0.2541506290435791,0.9671646356582642,0.2059595137834549,0.0,0.0,0.0,0.0,-0.22024500370025635
1692790981.4453237,1.6414319276809692,-0.19637055695056915,0.0,0.0,0.0,-0.25776657462120056,0.9662072062492371,0.20632044970989227,0.0,0.0,0.0,0.0,-0.22669994831085205
1692790981.4891882,1.653798222541809,-0.20360273122787476,0.0,0.0,0.0,-0.26526597142219543,0.964175283908844,0.2046549767255783,0.0,0.0,0.0,0.0,-0.22199495136737823
1692790981.5403826,1.6596790552139282,-0.2071332335472107,0.0,0.0,0.0,-0.2688422203063965,0.9631842374801636,0.20785441994667053,0.0,0.0,0.0,0.0,-0.22491180896759033
1692790981.5815406,1.6695165634155273,-0.2131691873073578,0.0,0.0,0.0,-0.2745684087276459,0.9615675806999207,0.20610129833221436,0.0,0.0,0.0,0.0,-0.21250119805335999
1692790981.625202,1.6752853393554688,-0.21678562462329865,0.0,0.0,0.0,-0.2781102657318115,0.9605491757392883,0.20632044970989227,0.0,0.0,0.0,0.0,-0.22335486114025116
1692790981.6693223,1.685364842414856,-0.2232455313205719,0.0,0.0,0.0,-0.2841498553752899,0.9587798714637756,0.20641301572322845,0.0,0.0,0.0,0.0,-0.217014342546463
1692790981.7171087,1.691082239151001,-0.2269890308380127,0.0,0.0,0.0,-0.28747886419296265,0.9577869772911072,0.207087442278862,0.0,0.0,0.0,0.0,-0.21054166555404663
1692790981.7574008,1.701070785522461,-0.23368020355701447,0.0,0.0,0.0,-0.29421594738960266,0.9557389616966248,0.20377247035503387,0.0,0.0,0.0,0.0,-0.23869538307189941
1692790981.8031847,1.7067489624023438,-0.23757314682006836,0.0,0.0,0.0,-0.29777443408966064,0.95463627576828,0.20862141251564026,0.0,0.0,0.0,0.0,-0.2257823944091797
1692790981.8453133,1.716428518295288,-0.24435706436634064,0.0,0.0,0.0,-0.3040466010570526,0.952657163143158,0.2037946581840515,0.0,0.0,0.0,0.0,-0.22679361701011658
1692790981.8896444,1.721962809562683,-0.2483230084180832,0.0,0.0,0.0,-0.30777624249458313,0.951458752155304,0.20632044970989227,0.0,0.0,0.0,0.0,-0.23742155730724335
1692790981.933452,1.7273646593093872,-0.2522561252117157,0.0,0.0,0.0,-0.3112310469150543,0.9503342509269714,0.20248548686504364,0.0,0.0,0.0,0.0,-0.220194011926651
1692790981.9773521,1.7341989278793335,-0.25731751322746277,0.0,0.0,0.0,-0.3154798150062561,0.9489322900772095,0.20248548686504364,0.0,0.0,0.0,0.0,-0.21305254101753235
1692790982.0223875,1.739677906036377,-0.2614441514015198,0.0,0.0,0.0,-0.31889957189559937,0.9477885365486145,0.20785441994667053,0.0,0.0,0.0,0.0,-0.218543142080307
1692790982.0652475,1.7449849843978882,-0.26550421118736267,0.0,0.0,0.0,-0.3226063549518585,0.946533203125,0.20248548686504364,0.0,0.0,0.0,0.0,-0.2371867448091507
1692790982.109185,1.7505205869674683,-0.269806832075119,0.0,0.0,0.0,-0.3261650502681732,0.9453128576278687,0.20620764791965485,0.0,0.0,0.0,0.0,-0.22130152583122253
1692790982.154481,1.7559056282043457,-0.2740554213523865,0.0,0.0,0.0,-0.3294633626937866,0.9441683888435364,0.20785441994667053,0.0,0.0,0.0,0.0,-0.2115892618894577
1692790982.1545193,1.766526699066162,-0.28261756896972656,0.0,0.0,0.0,-0.3360733687877655,0.9418358206748962,0.20988400280475616,0.0,0.0,0.0,0.0,-0.21567711234092712
1692790982.1975455,1.771998405456543,-0.2871215045452118,0.0,0.0,0.0,-0.3390803039073944,0.9407574534416199,0.21475733816623688,0.0,0.0,0.0,0.0,-0.19360311329364777
1692790982.240747,1.77742338180542,-0.29164227843284607,0.0,0.0,0.0,-0.3417695462703705,0.9397838115692139,0.21399034559726715,0.0,0.0,0.0,0.0,-0.17333753407001495
1692790982.2815614,1.7873672246932983,-0.30007031559944153,0.0,0.0,0.0,-0.3469157814979553,0.9378963112831116,0.21368858218193054,0.0,0.0,0.0,0.0,-0.1797206997871399
1692790982.3252826,1.7927542924880981,-0.3047141134738922,0.0,0.0,0.0,-0.34961289167404175,0.9368942379951477,0.2155243307352066,0.0,0.0,0.0,0.0,-0.174377903342247
1692790982.36923,1.7981348037719727,-0.30940401554107666,0.0,0.0,0.0,-0.3520554006099701,0.9359791874885559,0.21629132330417633,0.0,0.0,0.0,0.0,-0.15807874500751495
1692790982.4141266,1.8034330606460571,-0.3140726387500763,0.0,0.0,0.0,-0.3546525537967682,0.9349981546401978,0.21399034559726715,0.0,0.0,0.0,0.0,-0.16825848817825317
1692790982.457287,1.8153032064437866,-0.32471999526023865,0.0,0.0,0.0,-0.3603149354457855,0.9328306913375854,0.21260976791381836,0.0,0.0,0.0,0.0,-0.1616811752319336
1692790982.5066164,1.8204807043075562,-0.3294474482536316,0.0,0.0,0.0,-0.36291104555130005,0.9318237900733948,0.2124563753604889,0.0,0.0,0.0,0.0,-0.16876061260700226
1692790982.549309,1.8318227529525757,-0.33999744057655334,0.0,0.0,0.0,-0.3689180910587311,0.9294618964195251,0.21219369769096375,0.0,0.0,0.0,0.0,-0.17684125900268555
1692790982.6037579,1.8369288444519043,-0.3448387682437897,0.0,0.0,0.0,-0.3717954754829407,0.9283146858215332,0.21322335302829742,0.0,0.0,0.0,0.0,-0.18773657083511353
1692790982.650813,1.8420066833496094,-0.34970971941947937,0.0,0.0,0.0,-0.37432244420051575,0.9272986054420471,0.21322335302829742,0.0,0.0,0.0,0.0,-0.16506512463092804
1692790982.6893978,1.8517210483551025,-0.3591797649860382,0.0,0.0,0.0,-0.37926214933395386,0.9252892732620239,0.2119770050048828,0.0,0.0,0.0,0.0,-0.1666489988565445
1692790982.733461,1.8568092584609985,-0.3642214238643646,0.0,0.0,0.0,-0.38186049461364746,0.9242199659347534,0.21705831587314606,0.0,0.0,0.0,0.0,-0.17028866708278656
1692790982.7773032,1.861762523651123,-0.3691833019256592,0.0,0.0,0.0,-0.38431039452552795,0.9232039451599121,0.2124563753604889,0.0,0.0,0.0,0.0,-0.16074109077453613
1692790982.8231566,1.8688162565231323,-0.3763396441936493,0.0,0.0,0.0,-0.3877180218696594,0.9217780232429504,0.2137945294380188,0.0,0.0,0.0,0.0,-0.15718886256217957
1692790982.8652184,1.8737592697143555,-0.3814181983470917,0.0,0.0,0.0,-0.39012008905410767,0.9207639694213867,0.21475733816623688,0.0,0.0,0.0,0.0,-0.15802094340324402
1692790982.9092538,1.8814876079559326,-0.38947200775146484,0.0,0.0,0.0,-0.39425697922706604,0.9190002679824829,0.2106040120124817,0.0,0.0,0.0,0.0,-0.16970454156398773
1692790982.9535277,1.8863571882247925,-0.39462101459503174,0.0,0.0,0.0,-0.39678943157196045,0.9179096817970276,0.21475733816623688,0.0,0.0,0.0,0.0,-0.16710974276065826
1692790982.9974425,1.891783356666565,-0.400427907705307,0.0,0.0,0.0,-0.3997613787651062,0.9166192412376404,0.20914620161056519,0.0,0.0,0.0,0.0,-0.17052574455738068
1692790983.0412333,1.896504521369934,-0.40554243326187134,0.0,0.0,0.0,-0.4023799002170563,0.9154728055000305,0.21092239022254944,0.0,0.0,0.0,0.0,-0.17324361205101013
1692790983.0868783,1.9012147188186646,-0.41070133447647095,0.0,0.0,0.0,-0.4047560691833496,0.9144247174263,0.21168938279151917,0.0,0.0,0.0,0.0,-0.15739600360393524
1692790983.1291986,1.9058130979537964,-0.4157908856868744,0.0,0.0,0.0,-0.4071621596813202,0.9133558869361877,0.20785441994667053,0.0,0.0,0.0,0.0,-0.15956343710422516
1692790983.1733027,1.9104013442993164,-0.4209235906600952,0.0,0.0,0.0,-0.40958982706069946,0.9122697710990906,0.20862141251564026,0.0,0.0,0.0,0.0,-0.16118541359901428
1692790983.1733358,1.917301893234253,-0.4287418723106384,0.0,0.0,0.0,-0.41292470693588257,0.9107651710510254,0.208560049533844,0.0,0.0,0.0,0.0,-0.14634370803833008
1692790983.2173963,1.921926498413086,-0.43404504656791687,0.0,0.0,0.0,-0.4150327146053314,0.909806489944458,0.21322335302829742,0.0,0.0,0.0,0.0,-0.14034907519817352
1692790983.2394242,1.9296032190322876,-0.4429662525653839,0.0,0.0,0.0,-0.4189210534095764,0.9080226421356201,0.21016909182071686,0.0,0.0,0.0,0.0,-0.15278586745262146
1692790983.3036144,1.9342224597930908,-0.4484076201915741,0.0,0.0,0.0,-0.42112264037132263,0.9070037007331848,0.20992980897426605,0.0,0.0,0.0,0.0,-0.142704039812088
1692790983.3451414,1.942704200744629,-0.45853787660598755,0.0,0.0,0.0,-0.4250887930393219,0.9051516652107239,0.21659308671951294,0.0,0.0,0.0,0.0,-0.14351625740528107
1692790983.38939,1.9472318887710571,-0.46402284502983093,0.0,0.0,0.0,-0.4274342954158783,0.9040464162826538,0.2155243307352066,0.0,0.0,0.0,0.0,-0.15714313089847565
1692790983.4334352,1.95515775680542,-0.47375863790512085,0.0,0.0,0.0,-0.43123871088027954,0.9022378921508789,0.2127813696861267,0.0,0.0,0.0,0.0,-0.14279454946517944
1692790983.47726,1.9595967531204224,-0.4792832136154175,0.0,0.0,0.0,-0.4332199692726135,0.9012882113456726,0.21475733816623688,0.0,0.0,0.0,0.0,-0.13315677642822266
1692790983.5213258,1.9652501344680786,-0.486396849155426,0.0,0.0,0.0,-0.43605858087539673,0.899918258190155,0.21131479740142822,0.0,0.0,0.0,0.0,-0.14659970998764038
1692790983.5653074,1.9696271419525146,-0.49197062849998474,0.0,0.0,0.0,-0.43845096230506897,0.8987551331520081,0.20844094455242157,0.0,0.0,0.0,0.0,-0.15647971630096436
1692790983.6093285,1.976706862449646,-0.5011178851127625,0.0,0.0,0.0,-0.4423827528953552,0.8968263268470764,0.21420340240001678,0.0,0.0,0.0,0.0,-0.1621996909379959
1692790983.6535845,1.9809894561767578,-0.5067327618598938,0.0,0.0,0.0,-0.44479671120643616,0.8956315517425537,0.21399034559726715,0.0,0.0,0.0,0.0,-0.16324086487293243
1692790983.7123923,1.9910883903503418,-0.5202296376228333,0.0,0.0,0.0,-0.45063114166259766,0.892710268497467,0.21071146428585052,0.0,0.0,0.0,0.0,-0.1631230115890503
1692790983.7608216,1.9952678680419922,-0.525921642780304,0.0,0.0,0.0,-0.4528536796569824,0.8915848731994629,0.21399034559726715,0.0,0.0,0.0,0.0,-0.150983989238739
1692790983.8012168,2.0037167072296143,-0.537615954875946,0.0,0.0,0.0,-0.45749810338020325,0.88921058177948,0.21216310560703278,0.0,0.0,0.0,0.0,-0.15341533720493317
1692790983.8452601,2.007777690887451,-0.5433310866355896,0.0,0.0,0.0,-0.4598502218723297,0.88799649477005,0.2124563753604889,0.0,0.0,0.0,0.0,-0.1604231894016266
1692790983.889286,2.0151937007904053,-0.553927481174469,0.0,0.0,0.0,-0.46384599804878235,0.8859158158302307,0.2120288610458374,0.0,0.0,0.0,0.0,-0.14770616590976715
1692790983.9338906,2.019217014312744,-0.5597617626190186,0.0,0.0,0.0,-0.4659954905509949,0.8847870826721191,0.21475733816623688,0.0,0.0,0.0,0.0,-0.14714038372039795
1692790983.9772792,2.024432897567749,-0.567417562007904,0.0,0.0,0.0,-0.4688356816768646,0.883285403251648,0.21053889393806458,0.0,0.0,0.0,0.0,-0.1460340917110443
1692790984.0212681,2.0283749103546143,-0.5732766389846802,0.0,0.0,0.0,-0.4711509943008423,0.8820526003837585,0.21399034559726715,0.0,0.0,0.0,0.0,-0.15897461771965027
1692790984.0652738,2.033942222595215,-0.5816721320152283,0.0,0.0,0.0,-0.4747326672077179,0.8801300525665283,0.20986777544021606,0.0,0.0,0.0,0.0,-0.16937653720378876
1692790984.1092503,2.0378048419952393,-0.5875837802886963,0.0,0.0,0.0,-0.47713133692741394,0.8788319826126099,0.20769651234149933,0.0,0.0,0.0,0.0,-0.16043466329574585
1692790984.1538908,2.043787717819214,-0.5968867540359497,0.0,0.0,0.0,-0.4810788333415985,0.8766773343086243,0.21270711719989777,0.0,0.0,0.0,0.0,-0.17297038435935974
1692790984.210257,2.047482490539551,-0.6027258038520813,0.0,0.0,0.0,-0.4835847318172455,0.8752975463867188,0.20322991907596588,0.0,0.0,0.0,0.0,-0.1682744324207306
1692790984.2539308,2.055548906326294,-0.6157419085502625,0.0,0.0,0.0,-0.4892686903476715,0.8721330761909485,0.21268007159233093,0.0,0.0,0.0,0.0,-0.18070803582668304
1692790984.3019438,2.059175491333008,-0.6217125654220581,0.0,0.0,0.0,-0.4914047122001648,0.8709313273429871,0.2054632157087326,0.0,0.0,0.0,0.0,-0.1441696137189865
1692790984.345203,2.0654547214508057,-0.6322017312049866,0.0,0.0,0.0,-0.4948543310165405,0.8689759373664856,0.21447476744651794,0.0,0.0,0.0,0.0,-0.13913187384605408
1692790984.3911595,2.0690560340881348,-0.6383054852485657,0.0,0.0,0.0,-0.49695420265197754,0.8677767515182495,0.20844094455242157,0.0,0.0,0.0,0.0,-0.14224472641944885
1692790984.434226,2.0757617950439453,-0.649836003780365,0.0,0.0,0.0,-0.5003034472465515,0.8658501505851746,0.21514083445072174,0.0,0.0,0.0,0.0,-0.12464100122451782
1692790984.4772148,2.0792760848999023,-0.6559611558914185,0.0,0.0,0.0,-0.5020456910133362,0.864841103553772,0.20769651234149933,0.0,0.0,0.0,0.0,-0.11843091994524002
1692790984.5218873,2.0847976207733154,-0.6656909584999084,0.0,0.0,0.0,-0.5043812394142151,0.8634810447692871,0.21514083445072174,0.0,0.0,0.0,0.0,-0.10395050048828125
1692790984.5705433,2.088256359100342,-0.6718475818634033,0.0,0.0,0.0,-0.50577312707901,0.8626664876937866,0.20769651234149933,0.0,0.0,0.0,0.0,-0.09486605226993561
1692790984.613924,2.0937652587890625,-0.6817586421966553,0.0,0.0,0.0,-0.5083015561103821,0.8611791729927063,0.21394693851470947,0.0,0.0,0.0,0.0,-0.11069594323635101
1692790984.6595285,2.0971877574920654,-0.6879933476448059,0.0,0.0,0.0,-0.5103144645690918,0.8599878549575806,0.2091853767633438,0.0,0.0,0.0,0.0,-0.13758856058120728
1692790984.7012362,2.10321044921875,-0.6991524696350098,0.0,0.0,0.0,-0.5144235491752625,0.857536256313324,0.2149263322353363,0.0,0.0,0.0,0.0,-0.16219939291477203
1692790984.745254,2.1065175533294678,-0.7053918838500977,0.0,0.0,0.0,-0.5167638063430786,0.8561280369758606,0.20769651234149933,0.0,0.0,0.0,0.0,-0.16066256165504456
1692790984.7892375,2.112182378768921,-0.7162538170814514,0.0,0.0,0.0,-0.5201382637023926,0.8540821075439453,0.2149188071489334,0.0,0.0,0.0,0.0,-0.13846473395824432
1692790984.8332682,2.1153950691223145,-0.7225139737129211,0.0,0.0,0.0,-0.522375762462616,0.8527154326438904,0.2069520801305771,0.0,0.0,0.0,0.0,-0.15422877669334412
1692790984.8774724,2.1195576190948486,-0.7307330965995789,0.0,0.0,0.0,-0.5247076153755188,0.85128253698349,0.21425791084766388,0.0,0.0,0.0,0.0,-0.12729889154434204
1692790984.9224179,2.1227712631225586,-0.7371629476547241,0.0,0.0,0.0,-0.5268839597702026,0.8499372601509094,0.21141867339611053,0.0,0.0,0.0,0.0,-0.15050172805786133
1692790984.9652674,2.127254009246826,-0.7462689280509949,0.0,0.0,0.0,-0.5298388004302979,0.8480983972549438,0.21594862639904022,0.0,0.0,0.0,0.0,-0.14809851348400116
1692790985.0092072,2.1303787231445312,-0.7527143955230713,0.0,0.0,0.0,-0.5320140719413757,0.8467355370521545,0.2106742411851883,0.0,0.0,0.0,0.0,-0.15099608898162842
1692790985.054215,2.136040210723877,-0.7646240592002869,0.0,0.0,0.0,-0.5363146662712097,0.8440181016921997,0.21617816388607025,0.0,0.0,0.0,0.0,-0.1667933315038681
1692790985.0984983,2.139021396636963,-0.7710255980491638,0.0,0.0,0.0,-0.5387085676193237,0.8424921631813049,0.20769651234149933,0.0,0.0,0.0,0.0,-0.16699469089508057
1692790985.141318,2.1438608169555664,-0.7816150784492493,0.0,0.0,0.0,-0.5423480272293091,0.8401539325714111,0.21560955047607422,0.0,0.0,0.0,0.0,-0.16021728515625
1692790985.1994984,2.146709680557251,-0.7879658341407776,0.0,0.0,0.0,-0.5445920825004578,0.838701069355011,0.20471878349781036,0.0,0.0,0.0,0.0,-0.15725457668304443
1692790985.2426696,2.15278959274292,-0.8018268346786499,0.0,0.0,0.0,-0.5493040680885315,0.8356225490570068,0.21318015456199646,0.0,0.0,0.0,0.0,-0.15854835510253906
1692790985.3098605,2.1555328369140625,-0.8082239031791687,0.0,0.0,0.0,-0.5514957904815674,0.8341776728630066,0.20471878349781036,0.0,0.0,0.0,0.0,-0.15441811084747314
1692790985.3536623,2.1607885360717773,-0.8207584619522095,0.0,0.0,0.0,-0.5560356378555298,0.831158459186554,0.21237248182296753,0.0,0.0,0.0,0.0,-0.1703798770904541
1692790985.397296,2.163435220718384,-0.8272234201431274,0.0,0.0,0.0,-0.558533251285553,0.8294821381568909,0.2054632157087326,0.0,0.0,0.0,0.0,-0.17694514989852905
1692790985.441325,2.168440103530884,-0.8397512435913086,0.0,0.0,0.0,-0.5630744695663452,0.8264061808586121,0.21413643658161163,0.0,0.0,0.0,0.0,-0.1741231381893158
1692790985.4863083,2.1710259914398193,-0.8463767766952515,0.0,0.0,0.0,-0.5651266574859619,0.8250041604042053,0.2091853767633438,0.0,0.0,0.0,0.0,-0.14619967341423035
1692790985.5297513,2.1752870082855225,-0.8575105667114258,0.0,0.0,0.0,-0.5685065388679504,0.8226787447929382,0.21675151586532593,0.0,0.0,0.0,0.0,-0.14918500185012817
1692790985.6292846,2.177793025970459,-0.8641937971115112,0.0,0.0,0.0,-0.5707090497016907,0.8211523294448853,0.20992980897426605,0.0,0.0,0.0,0.0,-0.15762974321842194
1692790985.6733272,2.185798168182373,-0.8863027691841125,0.0,0.0,0.0,-0.5777997374534607,0.816178560256958,0.21376025676727295,0.0,0.0,0.0,0.0,-0.15747655928134918
1692790985.7307577,2.1881344318389893,-0.8929935693740845,0.0,0.0,0.0,-0.5800740718841553,0.8145636916160583,0.21475733816623688,0.0,0.0,0.0,0.0,-0.16905322670936584
1692790985.7732108,2.192894220352173,-0.9070411920547485,0.0,0.0,0.0,-0.5853321552276611,0.8107935786247253,0.21188659965991974,0.0,0.0,0.0,0.0,-0.18485784530639648
1692790985.831792,2.1951069831848145,-0.9137738347053528,0.0,0.0,0.0,-0.5874906182289124,0.8092309832572937,0.21475733816623688,0.0,0.0,0.0,0.0,-0.16149969398975372
1692790985.873263,2.199587821960449,-0.9278331995010376,0.0,0.0,0.0,-0.5926189422607422,0.8054829239845276,0.2108018547296524,0.0,0.0,0.0,0.0,-0.18148422241210938
1692790985.9178436,2.2016842365264893,-0.9346295595169067,0.0,0.0,0.0,-0.5950281620025635,0.8037048578262329,0.2155243307352066,0.0,0.0,0.0,0.0,-0.18147265911102295
1692790985.9612076,2.2050187587738037,-0.9457318782806396,0.0,0.0,0.0,-0.5985694527626038,0.8010709285736084,0.21076898276805878,0.0,0.0,0.0,0.0,-0.16048821806907654
1692790986.005223,2.2070155143737793,-0.9525581002235413,0.0,0.0,0.0,-0.6007940769195557,0.7994038462638855,0.2155243307352066,0.0,0.0,0.0,0.0,-0.1684824675321579
1692790986.0498126,2.2105047702789307,-0.9648282527923584,0.0,0.0,0.0,-0.6045907139778137,0.7965362668037415,0.21260976791381836,0.0,0.0,0.0,0.0,-0.15859603881835938
1692790986.108173,2.2123935222625732,-0.9716589450836182,0.0,0.0,0.0,-0.6065949201583862,0.7950111031532288,0.21475733816623688,0.0,0.0,0.0,0.0,-0.15263846516609192
1692790986.1492643,2.2158594131469727,-0.9845919609069824,0.0,0.0,0.0,-0.6108973622322083,0.7917097806930542,0.21252942085266113,0.0,0.0,0.0,0.0,-0.17216092348098755
1692790986.2010317,2.217643976211548,-0.9914767146110535,0.0,0.0,0.0,-0.6131014823913574,0.7900041937828064,0.2155243307352066,0.0,0.0,0.0,0.0,-0.1689087301492691
1692790986.2412739,2.220728635787964,-1.0037764310836792,0.0,0.0,0.0,-0.6171329021453857,0.7868589162826538,0.21134422719478607,0.0,0.0,0.0,0.0,-0.17044146358966827
1692790986.30062,2.2223739624023438,-1.0105656385421753,0.0,0.0,0.0,-0.6193646788597107,0.785103440284729,0.21168938279151917,0.0,0.0,0.0,0.0,-0.1720876395702362
1692790986.3413007,2.225616693496704,-1.0244677066802979,0.0,0.0,0.0,-0.6238898634910583,0.7815122604370117,0.20992980897426605,0.0,0.0,0.0,0.0,-0.16991180181503296
1692790986.3867197,2.2271499633789062,-1.0313090085983276,0.0,0.0,0.0,-0.626145601272583,0.7797061800956726,0.2124563753604889,0.0,0.0,0.0,0.0,-0.1751329004764557
1692790986.4301314,2.2297041416168213,-1.0431606769561768,0.0,0.0,0.0,-0.6302931904792786,0.7763572335243225,0.2090313583612442,0.0,0.0,0.0,0.0,-0.18382278084754944
1692790986.473201,2.231119394302368,-1.050001621246338,0.0,0.0,0.0,-0.6325793862342834,0.774495542049408,0.21168938279151917,0.0,0.0,0.0,0.0,-0.17868749797344208
1692790986.5212648,2.232779026031494,-1.0582908391952515,0.0,0.0,0.0,-0.6352341175079346,0.7723196148872375,0.21134422719478607,0.0,0.0,0.0,0.0,-0.17162561416625977
1692790986.5915847,2.234121322631836,-1.0652238130569458,0.0,0.0,0.0,-0.6374998092651367,0.7704505324363708,0.21399034559726715,0.0,0.0,0.0,0.0,-0.17800836265087128
1692790986.633608,2.2377874851226807,-1.085343599319458,0.0,0.0,0.0,-0.6436889171600342,0.7652872204780579,0.213031604886055,0.0,0.0,0.0,0.0,-0.16791869699954987
1692790986.677337,2.238994836807251,-1.0924040079116821,0.0,0.0,0.0,-0.6458343267440796,0.7634775638580322,0.21705831587314606,0.0,0.0,0.0,0.0,-0.17010442912578583
1692790986.7214305,2.2407279014587402,-1.1029435396194458,0.0,0.0,0.0,-0.6485735774040222,0.7611519694328308,0.21362219750881195,0.0,0.0,0.0,0.0,-0.14373302459716797
1692790986.7653322,2.241840362548828,-1.1099939346313477,0.0,0.0,0.0,-0.6507567763328552,0.7592862844467163,0.21629132330417633,0.0,0.0,0.0,0.0,-0.17404556274414062
1692790986.8092606,2.2436468601226807,-1.122007966041565,0.0,0.0,0.0,-0.6540766358375549,0.7564283013343811,0.21314261853694916,0.0,0.0,0.0,0.0,-0.1537046879529953
1692790986.853797,2.2446508407592773,-1.129023551940918,0.0,0.0,0.0,-0.6561514735221863,0.7546291947364807,0.21475733816623688,0.0,0.0,0.0,0.0,-0.16643784940242767
1692790986.8972933,2.246241569519043,-1.1407616138458252,0.0,0.0,0.0,-0.6596837639808655,0.7515432834625244,0.21152502298355103,0.0,0.0,0.0,0.0,-0.1675145924091339
1692790986.9417257,2.24713397026062,-1.1477411985397339,0.0,0.0,0.0,-0.6618196964263916,0.7496630549430847,0.21322335302829742,0.0,0.0,0.0,0.0,-0.1724633276462555
1692790986.9853075,2.248711347579956,-1.160986304283142,0.0,0.0,0.0,-0.6661354303359985,0.745830774307251,0.21172590553760529,0.0,0.0,0.0,0.0,-0.1832265704870224
1692790987.030001,2.249483823776245,-1.1680055856704712,0.0,0.0,0.0,-0.6684897541999817,0.7437213659286499,0.21399034559726715,0.0,0.0,0.0,0.0,-0.1915801614522934
1692790987.0732567,2.2502152919769287,-1.1750292778015137,0.0,0.0,0.0,-0.6704747080802917,0.7419323921203613,0.21399034559726715,0.0,0.0,0.0,0.0,-0.1619512438774109
1692790987.117791,2.250950336456299,-1.1824851036071777,0.0,0.0,0.0,-0.6725658774375916,0.7400372624397278,0.2140560895204544,0.0,0.0,0.0,0.0,-0.16126632690429688
1692790987.1693182,2.2523303031921387,-1.1978628635406494,0.0,0.0,0.0,-0.6769590973854065,0.7360206246376038,0.21150025725364685,0.0,0.0,0.0,0.0,-0.16308483481407166
1692790987.225151,2.2529096603393555,-1.2050023078918457,0.0,0.0,0.0,-0.6788523197174072,0.7342748641967773,0.21705831587314606,0.0,0.0,0.0,0.0,-0.15607747435569763
1692790987.2654078,2.253938913345337,-1.218961238861084,0.0,0.0,0.0,-0.68236243724823,0.7310140132904053,0.21533553302288055,0.0,0.0,0.0,0.0,-0.14741604030132294
1692790987.3116183,2.254418134689331,-1.226158857345581,0.0,0.0,0.0,-0.6840792894363403,0.7294076681137085,0.21859228610992432,0.0,0.0,0.0,0.0,-0.14249484241008759
1692790987.3674018,2.255383253097534,-1.2422528266906738,0.0,0.0,0.0,-0.6871519684791565,0.726513683795929,0.2178771197795868,0.0,0.0,0.0,0.0,-0.11408007144927979
1692790987.4136963,2.255772352218628,-1.2495065927505493,0.0,0.0,0.0,-0.6886590123176575,0.7250853180885315,0.22012627124786377,0.0,0.0,0.0,0.0,-0.1258416622877121
1692790987.4539583,2.256351947784424,-1.2615911960601807,0.0,0.0,0.0,-0.6912680268287659,0.7225984334945679,0.2199728786945343,0.0,0.0,0.0,0.0,-0.13106952607631683
1692790987.5063648,2.2566637992858887,-1.2689499855041504,0.0,0.0,0.0,-0.6926804780960083,0.7212446331977844,0.22319424152374268,0.0,0.0,0.0,0.0,-0.11857350915670395
1692790987.5503244,2.2570762634277344,-1.2798258066177368,0.0,0.0,0.0,-0.694473385810852,0.7195184230804443,0.2221141904592514,0.0,0.0,0.0,0.0,-0.10158577561378479
1692790987.6023417,2.2573328018188477,-1.2873640060424805,0.0,0.0,0.0,-0.6954817175865173,0.7185437679290771,0.22856317460536957,0.0,0.0,0.0,0.0,-0.08499260991811752
1692790987.6453083,2.2577717304229736,-1.3018603324890137,0.0,0.0,0.0,-0.697166383266449,0.7169093489646912,0.2266097366809845,0.0,0.0,0.0,0.0,-0.07335096597671509
1692790987.6894553,2.257974863052368,-1.3094761371612549,0.0,0.0,0.0,-0.6980722546577454,0.7160273194313049,0.23086413741111755,0.0,0.0,0.0,0.0,-0.07662628591060638
1692790987.7332876,2.258312940597534,-1.3236714601516724,0.0,0.0,0.0,-0.6992051005363464,0.7149211168289185,0.229020893573761,0.0,0.0,0.0,0.0,-0.05107541382312775
1692790987.777277,2.2584755420684814,-1.3312629461288452,0.0,0.0,0.0,-0.6997778415679932,0.7143605351448059,0.23009714484214783,0.0,0.0,0.0,0.0,-0.0485723651945591
1692790987.8233745,2.258671760559082,-1.341511845588684,0.0,0.0,0.0,-0.7008419036865234,0.7133166790008545,0.22779618203639984,0.0,0.0,0.0,0.0,-0.0662485733628273
1692790987.865931,2.2587966918945312,-1.349129319190979,0.0,0.0,0.0,-0.7017311453819275,0.7124418616294861,0.23086413741111755,0.0,0.0,0.0,0.0,-0.07560036331415176
1692790987.9091835,2.258880138397217,-1.3553298711776733,0.0,0.0,0.0,-0.7029378414154053,0.7112513184547424,0.1192522719502449,0.0,0.0,0.0,0.0,-0.06519830971956253
1692790987.9559822,2.2588863372802734,-1.355886697769165,0.0,0.0,0.0,-0.7033644318580627,0.7108294367790222,0.016873791813850403,0.0,0.0,0.0,0.0,-0.03636244684457779
1692790987.997247,2.2588915824890137,-1.3563928604125977,0.0,0.0,0.0,-0.7035797238349915,0.7106163501739502,0.012052708305418491,0.0,0.0,0.0,0.0,-0.014424324035644531
1692790988.0412242,2.25889253616333,-1.3564940690994263,0.0,0.0,0.0,-0.7036278247833252,0.7105686664581299,0.0030679618939757347,0.0,0.0,0.0,0.0,-0.004103689454495907
1692790988.0412664,2.2588930130004883,-1.3565447330474854,0.0,0.0,0.0,-0.7036285996437073,0.7105679512023926,0.0009925758931785822,0.0,0.0,0.0,0.0,-4.207386518828571e-05
1692790988.106703,2.2588930130004883,-1.3565447330474854,0.0,0.0,0.0,-0.7036231756210327,0.7105733156204224,0.0,0.0,0.0,0.0,0.0,0.00046238754293881357
1692790988.135139,2.2588932514190674,-1.3565700054168701,0.0,0.0,0.0,-0.7036171555519104,0.7105792760848999,0.0003722159890457988,0.0,0.0,0.0,0.0,0.00024893705267459154
1692790988.1895416,2.2588930130004883,-1.3565447330474854,0.0,0.0,0.0,-0.7036178708076477,0.7105785608291626,-0.0007669904734939337,0.0,0.0,0.0,0.0,-5.7798442867351696e-05
1692790988.2358377,2.2588932514190674,-1.3565700054168701,0.0,0.0,0.0,-0.7036164999008179,0.7105799317359924,0.0007669904734939337,0.0,0.0,0.0,0.0,0.00011559688573470339
1692790988.2773492,2.2588930130004883,-1.3565447330474854,0.0,0.0,0.0,-0.703631579875946,0.7105649709701538,-0.00040823686867952347,0.0,0.0,0.0,0.0,-0.0006844920571893454
1692790988.3573878,2.2588932514190674,-1.3565700054168701,0.0,0.0,0.0,-0.7036217451095581,0.710574746131897,0.0007669904734939337,0.0,0.0,0.0,0.0,0.0008380774524994195
1692790988.4011436,2.2588930130004883,-1.3565447330474854,0.0,0.0,0.0,-0.7036553025245667,0.7105414867401123,-0.000356488541001454,0.0,0.0,0.0,0.0,-0.0013297712430357933
1692790988.4457114,2.2588932514190674,-1.3565700054168701,0.0,0.0,0.0,-0.7036336660385132,0.7105628848075867,0.0007669904734939337,0.0,0.0,0.0,0.0,0.0018423254368826747
1692790988.4893026,2.2588932514190674,-1.3565700054168701,0.0,0.0,0.0,-0.7035650014877319,0.7106309533119202,0.0,0.0,0.0,0.0,0.0,0.0026129386387765408
1692790988.5693374,2.2588932514190674,-1.3565700054168701,0.0,0.0,0.0,-0.7035760879516602,0.7106199264526367,0.0,0.0,0.0,0.0,0.0,-0.0009464495233260095
1692790988.6225867,2.2588932514190674,-1.3565700054168701,0.0,0.0,0.0,-0.7035888433456421,0.7106072902679443,0.0,0.0,0.0,0.0,0.0,-0.0010909456759691238
1692790988.6653495,2.2588932514190674,-1.3565700054168701,0.0,0.0,0.0,-0.7036044001579285,0.7105919122695923,0.0,0.0,0.0,0.0,0.0,-0.0005666311481036246
1692790988.7118518,2.2588930130004883,-1.3565447330474854,0.0,0.0,0.0,-0.7035974860191345,0.7105987071990967,-0.0007669904734939337,0.0,0.0,0.0,0.0,0.0005852092290297151
1692790988.7533312,2.2588930130004883,-1.3565447330474854,0.0,0.0,0.0,-0.7035797238349915,0.7106163501739502,0.0,0.0,0.0,0.0,0.0,0.0008207852952182293
1692790988.8029132,2.2588930130004883,-1.3565447330474854,0.0,0.0,0.0,-0.7035869359970093,0.7106091976165771,0.0,0.0,0.0,0.0,0.0,-0.0006141084595583379
1692790988.845174,2.2588932514190674,-1.3565700054168701,0.0,0.0,0.0,-0.7036833763122559,0.7105136513710022,0.00034203630639240146,0.0,0.0,0.0,0.0,-0.0036697129253298044
1692790988.8893118,2.2588932514190674,-1.3565700054168701,0.0,0.0,0.0,-0.7036468982696533,0.7105498313903809,0.0,0.0,0.0,0.0,0.0,0.0031138912308961153
1692790988.9331865,2.2588932514190674,-1.3565700054168701,0.0,0.0,0.0,-0.7036299705505371,0.7105665802955627,0.0,0.0,0.0,0.0,0.0,0.001444961060769856
1692790988.9332225,2.2588932514190674,-1.3565700054168701,0.0,0.0,0.0,-0.703620195388794,0.7105762362480164,0.0,0.0,0.0,0.0,0.0,0.000830852601211518
1692790988.977179,2.2588932514190674,-1.3565700054168701,0.0,0.0,0.0,-0.7036178708076477,0.7105785608291626,0.0,0.0,0.0,0.0,0.0,0.00020229455549269915
1692790988.9987643,2.2588932514190674,-1.3565700054168701,0.0,0.0,0.0,-0.7036113142967224,0.7105850577354431,0.0,0.0,0.0,0.0,0.0,0.0005245208740234375
1692790989.0412352,2.2588932514190674,-1.3565700054168701,0.0,0.0,0.0,-0.7035807967185974,0.7106152176856995,0.0,0.0,0.0,0.0,0.0,0.0015894571552053094
1692790989.0962443,2.2588932514190674,-1.3565700054168701,0.0,0.0,0.0,-0.7035865783691406,0.7106095552444458,0.0,0.0,0.0,0.0,0.0,-0.000491286744363606
1692790989.1371632,2.2588932514190674,-1.3565700054168701,0.0,0.0,0.0,-0.7035658955574036,0.7106299996376038,0.0,0.0,0.0,0.0,0.0,0.0009382924763485789
1692790989.1814141,2.2588932514190674,-1.3565700054168701,0.0,0.0,0.0,-0.7035919427871704,0.7106042504310608,0.0,0.0,0.0,0.0,0.0,-0.002218015259131789
1692790989.225137,2.2588930130004883,-1.3565447330474854,0.0,0.0,0.0,-0.703591525554657,0.7106046676635742,-0.0007669904734939337,0.0,0.0,0.0,0.0,3.612402724684216e-05
1692790989.2251768,2.2588932514190674,-1.3565700054168701,0.0,0.0,0.0,-0.7036012411117554,0.7105950117111206,0.0007444319780915976,0.0,0.0,0.0,0.0,-0.0008064158027991652
1692790989.269149,2.2588930130004883,-1.3565447330474854,0.0,0.0,0.0,-0.7036042809486389,0.7105920314788818,-0.0007669904734939337,0.0,0.0,0.0,0.0,-0.0002600929874461144
1692790989.2884128,2.2588932514190674,-1.3565700054168701,0.0,0.0,0.0,-0.7036035060882568,0.7105927467346191,0.0007669904734939337,0.0,0.0,0.0,0.0,6.50232468615286e-05
1692790989.3292537,2.2588932514190674,-1.3565700054168701,0.0,0.0,0.0,-0.703605055809021,0.7105912566184998,0.0,0.0,0.0,0.0,0.0,-0.0001300464937230572
1692790989.3731606,2.2588930130004883,-1.3565447330474854,0.0,0.0,0.0,-0.703604519367218,0.710591733455658,-0.0007669904734939337,0.0,0.0,0.0,0.0,4.334883124101907e-05
1692790989.4171562,2.2588932514190674,-1.3565700054168701,0.0,0.0,0.0,-0.7036066651344299,0.7105896472930908,0.0007444319780915976,0.0,0.0,0.0,0.0,-0.00017530778131913394
1692790989.4171977,2.2588932514190674,-1.3565700054168701,0.0,0.0,0.0,-0.7036080956459045,0.7105882167816162,0.0,0.0,0.0,0.0,0.0,-0.0001228216860909015
1692790989.4611742,2.2588932514190674,-1.3565700054168701,0.0,0.0,0.0,-0.7036074995994568,0.710588812828064,0.0,0.0,0.0,0.0,0.0,5.0573638873174787e-05
1692790989.472503,2.2588930130004883,-1.3565447330474854,0.0,0.0,0.0,-0.7036070823669434,0.7105892300605774,-0.0007669904734939337,0.0,0.0,0.0,0.0,3.612402724684216e-05
1692790989.513749,2.2588932514190674,-1.3565700054168701,0.0,0.0,0.0,-0.7036064863204956,0.7105898261070251,0.0007669904734939337,0.0,0.0,0.0,0.0,5.0573638873174787e-05
1692790989.5571058,2.2588932514190674,-1.3565700054168701,0.0,0.0,0.0,-0.7036086320877075,0.710587739944458,0.0,0.0,0.0,0.0,0.0,-0.000180620132596232
1692790989.601137,2.2588930130004883,-1.3565447330474854,0.0,0.0,0.0,-0.7036094665527344,0.7105869054794312,-0.0007444319780915976,0.0,0.0,0.0,0.0,-7.012311107246205e-05
1692790989.6452556,2.2588932514190674,-1.3565700054168701,0.0,0.0,0.0,-0.7036052346229553,0.7105910778045654,0.0007669904734939337,0.0,0.0,0.0,0.0,0.000361240265192464
1692790989.645287,2.2588932514190674,-1.3565700054168701,0.0,0.0,0.0,-0.7036039233207703,0.7105923295021057,0.0,0.0,0.0,0.0,0.0,0.00010837207810254768
1692790989.6892402,2.2588930130004883,-1.3565447330474854,0.0,0.0,0.0,-0.7036113142967224,0.7105850577354431,-0.0007669904734939337,0.0,0.0,0.0,0.0,-0.0006285580457188189
1692790989.707153,2.2588932514190674,-1.3565700054168701,0.0,0.0,0.0,-0.7036101222038269,0.7105862498283386,0.0007669904734939337,0.0,0.0,0.0,0.0,0.00010114727774634957
1692790989.7495189,2.2588932514190674,-1.3565700054168701,0.0,0.0,0.0,-0.7036040425300598,0.7105922698974609,0.0,0.0,0.0,0.0,0.0,0.0005201859748922288
1692790989.7931824,2.2588932514190674,-1.3565700054168701,0.0,0.0,0.0,-0.7036126852035522,0.7105836868286133,0.0,0.0,0.0,0.0,0.0,-0.0007152557373046875
1692790989.8371532,2.2588932514190674,-1.3565700054168701,0.0,0.0,0.0,-0.7036129236221313,0.7105834484100342,0.0,0.0,0.0,0.0,0.0,-2.1674415620509535e-05
1692790989.881361,2.2588932514190674,-1.3565700054168701,0.0,0.0,0.0,-0.7036105394363403,0.7105857729911804,0.0,0.0,0.0,0.0,0.0,0.00020229455549269915
1692790989.8814433,2.2588930130004883,-1.3565447330474854,0.0,0.0,0.0,-0.7036157250404358,0.7105807065963745,-0.0007669904734939337,0.0,0.0,0.0,0.0,-0.00044071313459426165
1692790989.9251893,2.2588932514190674,-1.3565700054168701,0.0,0.0,0.0,-0.7036111354827881,0.7105852365493774,0.0007444319780915976,0.0,0.0,0.0,0.0,0.00037866481579840183
